question_id,question,answer,source,dataset_split
train-b07b718962ca-0,How can wheezing lung disease be managed?,"Asthma is managed with inhaled corticosteroids for long-term control and short-acting bronchodilators such as albuterol for quick relief, along with avoiding known triggers and having a written action plan.",SyntheticMedQA-A,train
train-4ac14dd331b2-0,Which test shows if I have varicella?,Chickenpox is usually diagnosed from the characteristic rash. PCR testing of blister fluid can confirm the virus in unclear cases.,SyntheticMedQA-A,train
train-75956b5bfc06-0,How can rheumatoid arthritis be confirmed?,"Rheumatoid arthritis is diagnosed from joint examination plus blood tests for rheumatoid factor, anti-CCP antibodies, ESR and CRP, and imaging to look for joint erosions.",SyntheticMedQA-A,train
train-fba67a692d1f-0,What is the best treatment for brittle bones?,"Osteoporosis is treated with bisphosphonates such as alendronate, denosumab or bone-building drugs like teriparatide, plus calcium, vitamin D & fall prevention.",SyntheticMedQA-B,train
train-a42fa5c3ee92-0,How can renal calculi be managed?,"Small kidney stones often pass with fluids, pain relief and tamsulosin. Larger stones may need shock wave lithotripsy, ureteroscopy or percutaneous nephrolithotomy.",SyntheticMedQA-A,train
train-dcd0162e0bd9-0,How can juvenile diabetes be managed?,"Type 1 diabetes is treated with lifelong insulin therapy delivered by multiple daily injections or an insulin pump, together with blood glucose monitoring, carbohydrate counting and regular exercise.",SyntheticMedQA-A,train
train-677712aa8d6d-0,how do i know if i have juvenile diabetes?,"Type 1 diabetes often causes increased thirst, frequent urination, unexplained weight loss, extreme hunger, fatigue and blurred vision.
Symptoms can develop quickly over a few weeks, and some people first present with diabetic ketoacidosis.",SyntheticMedQA-A,train
train-6594ebce910d-0,What tests are used to diagnose chickenpox?,Chickenpox is usually diagnosed from the characteristic rash. PCR testing of blister fluid can confirm the virus in unclear cases.,SyntheticMedQA-A,train
train-8f2038c0902b-0,EXPLAIN CHRONIC OBSTRUCTIVE PULMONARY DISEASE IN DETAIL.,"COPD is a common medical condition. COPD is mainly caused by long-term cigarette smoking. Occupational dust & chemicals, indoor smoke from cooking fuels and the genetic condition alpha-1 antitrypsin deficiency also contribute. COPD causes a chronic cough with mucus, shortness of breath that worsens with activity, wheezing and frequent chest infections. Symptoms progress slowly over years. COPD is diagnosed by spirometry showing a post-bronchodilator FEV1/FVC ratio below 0.70 in a person with symptoms and risk factors. Chest imaging helps exclude other conditions. COPD treatment includes stopping smoking, long-acting bronchodilators (LAMA and LABA inhalers), pulmonary rehabilitation, vaccinations and oxygen therapy for people with low blood oxygen. The best way to prevent COPD is never to smoke or to quit smoking, and to reduce exposure to occupational dust, fumes and indoor air pollution. Living with COPD usually involves a long-term partnership with a healthcare team. Regular follow-up visits allow the treatment plan to be adjusted, side effects to be identified early and complications to be screened for. Patients are encouraged to keep a written record of their symptoms, medications and questions for each appointment, and to ask about reliable sources of education and local support groups. Family members can also benefit from learning about the condition. Any sudden worsening of symptoms should prompt urgent medical review rather than waiting for the next scheduled appointment.",SyntheticMedQA-B,train
train-3ce01744038b-0,How do I know if I have inflammatory joint disease?,"Rheumatoid arthritis causes painful, swollen, warm joints, usually symmetrical in the small joints of the hands and feet, with morning stiffness lasting more than an hour and fatigue.",SyntheticMedQA-B,train
train-a996d6a7d527-0,How do doctors check for high blood pressure?,Hypertension is diagnosed when repeated blood pressure readings are 130/80 mmHg or higher. Home or ambulatory monitoring helps confirm the diagnosis and rule out white-coat hypertension.,SyntheticMedQA-A,train
train-6d3477141d9e-0,How do I prevent asthma?,"Asthma attacks can be prevented by taking controller medication as prescribed, avoiding triggers such as smoke and dust mites, getting the flu vaccine and monitoring peak flow.",SyntheticMedQA-B,train
train-6a3529dbb54c-0,Which symptoms does asthma cause?,"Asthma causes episodes of wheezing, shortness of breath, chest tightness and coughing, often worse at night or early morning and triggered by exercise, allergens or cold air.",SyntheticMedQA-B,train
train-a484b76e0295-0,Which medications are used for GERD?,"GERD is treated with lifestyle changes, antacids, H2 blockers and proton pump inhibitors such as omeprazole. Surgery such as fundoplication is an option for refractory cases.",SyntheticMedQA-A,train
train-ac0cfe4c43ec-0,What does low iron feel like?,"Iron-deficiency anemia causes fatigue, weakness, pale skin, shortness of breath on exertion, dizziness, cold hands and feet, brittle nails and sometimes cravings for ice.",SyntheticMedQA-A,train
train-0f4c1aba51f3-0,Which test shows if I have inflammatory joint disease?,"Rheumatoid arthritis is diagnosed from joint examination plus blood tests for rheumatoid factor, anti-CCP antibodies, ESR and CRP, and imaging to look for joint erosions.",SyntheticMedQA-A,train
train-0c910e332345-0,What are the signs of osteoarthritis?,"Osteoarthritis causes joint pain that worsens with use, stiffness after rest, reduced range of motion, swelling and a grating sensation, commonly in the knees, hips and hands.",SyntheticMedQA-B,train
train-556276eb538c-0,How does someone develop wheezing lung disease?,"Asthma is caused by chronic inflammation and hyperresponsiveness of the airways. Genetics, allergies, early respiratory infections and exposure to tobacco smoke or pollution increase the risk.",SyntheticMedQA-B,train
train-9828afb6d731-0,How can asthma be prevented?,"Asthma attacks can be prevented by taking controller medication as prescribed, avoiding triggers such as smoke and dust mites, getting the flu vaccine and monitoring peak flow.",SyntheticMedQA-B,train
train-441693900313-0,Which symptoms does celiac disease cause?,"Celiac disease can cause diarrhea, bloating, abdominal pain, weight loss and fatigue, as well as non-digestive problems such as anemia, an itchy blistering rash and bone loss.",SyntheticMedQA-B,train
train-1dee80d9f67c-0,What is the cause of high blood pressure?,"Most hypertension is primary, linked to age, genetics, high salt intake, obesity, alcohol and inactivity. Secondary hypertension can be caused by kidney disease, sleep apnea, thyroid problems or some medications.",SyntheticMedQA-A,train
train-973e7f387d80-0,What are the symptoms of type 2 diabetes?,"Type 2 diabetes develops slowly and may cause increased thirst, frequent urination, tiredness, slow-healing sores, frequent infections and tingling in the hands or feet. Many people have no symptoms for years.",SyntheticMedQA-B,train
train-fa29bcafc8a8-0,How can coronary artery disease be prevented?,"Coronary artery disease can be prevented by not smoking, controlling blood pressure and cholesterol, managing diabetes, exercising regularly and eating a Mediterranean-style diet.",SyntheticMedQA-B,train
train-9d741c1f1fb3-0,What reduces the risk of kidney stones?,"Kidney stones can be prevented by drinking enough water to produce about 2.5 liters of urine a day, reducing salt and animal protein, and getting normal amounts of dietary calcium.",SyntheticMedQA-B,train
train-92b6cd3741da-0,Which symptoms does major depressive disorder cause?,"Major depressive disorder causes persistent sadness or loss of interest for at least two weeks, with changes in sleep and appetite, low energy, poor concentration, feelings of worthlessness and sometimes thoughts of death.",SyntheticMedQA-B,train
train-d08273f00f7c-0,What is the best treatment for scaly skin plaques?,"Psoriasis is treated with topical corticosteroids and vitamin D analogues, phototherapy, and for moderate to severe disease, methotrexate or biologic drugs targeting IL-17 or IL-23.",SyntheticMedQA-B,train
train-f0541b529a40-0,What does bladder infection feel like?,"A urinary tract infection causes a burning sensation when urinating, a frequent urge to urinate, cloudy or strong-smelling urine and pelvic pain.
Fever and back pain suggest a kidney infection.",SyntheticMedQA-B,train
train-74eefe470c13-0,Which medications are used for osteoporosis?,"Osteoporosis is treated with bisphosphonates such as alendronate, denosumab or bone-building drugs like teriparatide, plus calcium, vitamin D and fall prevention.",SyntheticMedQA-B,train
train-b0e59a8fbac7-0,Can clinical depression be prevented?,"The risk of depression relapse can be reduced by continuing treatment as advised, regular exercise, good sleep, social support and early help when symptoms return.",SyntheticMedQA-B,train
train-ec57ccbc82c4-0,What are the treatments for pneumonia?,"Bacterial pneumonia is treated with antibiotics such as amoxicillin or a macrolide. Rest, fluids and fever control help recovery, and severe cases need hospital care and oxygen.",SyntheticMedQA-B,train
train-4503b4a1fe80-0,What reduces the risk of pneumonia?,"Pneumonia can be prevented with pneumococcal and influenza vaccines, hand washing, not smoking and good management of chronic illnesses.",SyntheticMedQA-A,train
train-fc30a7ca22a9-0,IS THERE A WAY TO AVOID RENAL CALCULI?,"Kidney stones can be prevented by drinking enough water to produce about 2.5 liters of urine a day, reducing salt and animal protein, and getting normal amounts of dietary calcium.",SyntheticMedQA-B,train
train-42e08026ebff-0,What are the symptoms of stroke?,"Stroke causes sudden face drooping, arm or leg weakness on one side, slurred speech, confusion, vision loss or a severe headache. Remember FAST: face, arms, speech, time to call emergency services.",SyntheticMedQA-B,train
train-6be13f3dd95d-0,How do I know if I have high blood pressure?,"Hypertension usually causes no symptoms, which is why it is called the silent killer. Very high readings can cause severe headache, chest pain, shortness of breath, nosebleeds or vision changes.",SyntheticMedQA-A,train
train-60340e5c766c-0,Which medications are used for rheumatoid arthritis?,"Rheumatoid arthritis is treated early with disease-modifying drugs such as methotrexate, plus biologics like TNF inhibitors when needed, and short courses of steroids for flares.",SyntheticMedQA-B,train
train-df2ceb6ba18f-0,How is chickenpox diagnosed?,Chickenpox is usually diagnosed from the characteristic rash. PCR testing of blister fluid can confirm the virus in unclear cases.,SyntheticMedQA-A,train
train-34621c4d86ec-0,WHAT IS THE BEST TREATMENT FOR SEVERE RECURRING HEADACHES?,"Migraine attacks are treated with NSAIDs, triptans or gepants. Frequent migraines may need preventive therapy such as beta blockers, topiramate, amitriptyline or CGRP monoclonal antibodies.",SyntheticMedQA-B,train
train-d6f36794e906-0,How do I prevent iron-deficiency anemia?,"Iron-deficiency anemia can be prevented by eating iron-rich foods such as red meat, beans and leafy greens with vitamin C, and by iron supplementation during pregnancy when advised.",SyntheticMedQA-A,train
train-5da4d101c17d-0,What is the best treatment for wear-and-tear arthritis?,"Osteoarthritis is managed with exercise, weight loss, physical therapy, topical or oral NSAIDs and joint injections. Severe cases may need joint replacement surgery.",SyntheticMedQA-A,train
train-ae0bc2f1823d-0,How do I prevent rheumatoid arthritis?,"Rheumatoid arthritis cannot be fully prevented, but not smoking lowers the risk and early treatment prevents permanent joint damage.",SyntheticMedQA-A,train
train-029134cc76e5-0,Which test shows if I have bladder infection?,A urinary tract infection is diagnosed with a urine dipstick test for nitrites and leukocytes and confirmed by a urine culture that identifies the bacteria.,SyntheticMedQA-B,train
train-e0e175c32157-0,How can hyperthyroidism be prevented?,"Hyperthyroidism usually cannot be prevented, but avoiding excess iodine supplements and attending regular follow-up help detect relapse early.",SyntheticMedQA-A,train
train-8ed317931be5-0,What reduces the risk of osteoporosis?,"Osteoporosis can be prevented with weight-bearing exercise, adequate calcium and vitamin D, avoiding smoking and excess alcohol, and screening women over 65.",SyntheticMedQA-A,train
train-7ec0bcfd85d5-0,What are the symptoms of chickenpox?,"Chickenpox causes an itchy rash of red spots that become fluid-filled blisters and then crust over, along with fever, tiredness and loss of appetite.",SyntheticMedQA-B,train
train-2bb7ae14f13d-0,Is there a way to avoid inflammatory joint disease?,"Rheumatoid arthritis cannot be fully prevented, but not smoking lowers the risk and early treatment prevents permanent joint damage.",SyntheticMedQA-A,train
train-4614f3fa8d60-0,What causes iron-deficiency anemia?,"Iron-deficiency anemia results from blood loss such as heavy periods or gastrointestinal bleeding, low dietary iron, poor absorption as in celiac disease, or increased needs during pregnancy.",SyntheticMedQA-B,train
train-ea477cc932c2-0,What are the treatments for generalized anxiety disorder?,Generalized anxiety disorder is treated with cognitive behavioral therapy and medications such as SSRIs or SNRIs. Relaxation techniques and exercise also help.,SyntheticMedQA-B,train
train-89c392bf0d25-0,What is the best treatment for wheezing lung disease?,"Asthma is managed with inhaled corticosteroids for long-term control and short-acting bronchodilators such as albuterol for quick relief, along with avoiding known triggers and having a written action plan.",SyntheticMedQA-A,train
train-2c83312c3523-0,What reduces the risk of hyperthyroidism?,"Hyperthyroidism usually cannot be prevented, but avoiding excess iodine supplements and attending regular follow-up help detect relapse early.",SyntheticMedQA-A,train
train-14f3fc0b6381-0,How can lung infection be managed?,"Bacterial pneumonia is treated with antibiotics such as amoxicillin or a macrolide. Rest, fluids and fever control help recovery, and severe cases need hospital care and oxygen.",SyntheticMedQA-B,train
train-92a3e75ec73b-0,How do I prevent hypothyroidism?,"Most hypothyroidism cannot be prevented, but adequate dietary iodine prevents the iodine-deficiency form, and screening allows early treatment.",SyntheticMedQA-B,train
train-1e285e71d7b1-0,What are the risk factors for iron-deficiency anemia?,"Iron-deficiency anemia results from blood loss such as heavy periods or gastrointestinal bleeding, low dietary iron, poor absorption as in celiac disease, or increased needs during pregnancy.",SyntheticMedQA-B,train
train-32589b76ae4e-0,Which symptoms does hypothyroidism cause?,"""Hypothyroidism causes tiredness, weight gain, feeling cold, constipation, dry skin, hair thinning, depression and slowed heart rate.""",SyntheticMedQA-B,train
train-9f4a3ff528d7-0,Which medications are used for celiac disease?,"The only treatment for celiac disease is a strict lifelong gluten-free diet, which allows the intestine to heal. Nutritional deficiencies such as iron and vitamin D are corrected.",SyntheticMedQA-A,train
train-fcf0d2bdc35e-0,What causes osteoarthritis?,"Osteoarthritis develops as the cartilage cushioning the joints breaks down over time. Age, obesity, joint injury, repetitive stress and genetics increase the risk.",SyntheticMedQA-B,train
train-904851e7223c-0,What tests are used to diagnose celiac disease?,"Celiac disease is diagnosed with a tissue transglutaminase IgA blood test while still eating gluten, followed by a small bowel biopsy showing villous atrophy.",SyntheticMedQA-A,train
train-81a187d0c232-0,What tests are used to diagnose hypothyroidism?,Hypothyroidism is diagnosed with blood tests showing a high TSH and low free T4. Thyroid peroxidase antibodies suggest Hashimoto's thyroiditis.,SyntheticMedQA-B,train
train-38391a8bcaa1-0,What causes pneumonia?,"Pneumonia is an infection of the air sacs of the lungs, most often caused by bacteria such as Streptococcus pneumoniae, viruses such as influenza and RSV, or less commonly fungi.",SyntheticMedQA-A,train
train-fd48364bd077-0,What tests are used to diagnose major depressive disorder?,"Major depressive disorder is diagnosed through a clinical interview using DSM-5 criteria. Questionnaires such as the PHQ-9 help screen and measure severity, and blood tests rule out thyroid disease.",SyntheticMedQA-A,train
train-410beb6bc904-0,How can iron-deficiency anemia be confirmed?,"Iron-deficiency anemia is diagnosed with a complete blood count showing low hemoglobin and small red cells, plus low serum ferritin. The underlying cause of iron loss should be investigated.",SyntheticMedQA-A,train
train-71c378853993-0,What causes hypothyroidism?,"Hypothyroidism is most often caused by Hashimoto's thyroiditis, an autoimmune condition. Other causes include thyroid surgery, radioactive iodine treatment & iodine deficiency.",SyntheticMedQA-A,train
train-59807a9887da-0,Is there a way to avoid scaly skin plaques?,"Psoriasis flares can be reduced by moisturizing the skin, managing stress, avoiding skin injury, limiting alcohol and not smoking.",SyntheticMedQA-B,train
train-d8e8d8f9152c-0,How do doctors check for acid reflux?,GERD is usually diagnosed from typical symptoms and response to acid-suppressing treatment. Upper endoscopy and esophageal pH monitoring are used when symptoms are atypical or severe.,SyntheticMedQA-B,train
train-13bbeaaf11f3-0,Which test shows if I have adult-onset diabetes?,"Type 2 diabetes is diagnosed when HbA1c is 6.5% or higher, fasting plasma glucose is 126 mg/dL or higher, or a 2-hour oral glucose tolerance test reading is 200 mg/dL or higher.",SyntheticMedQA-B,train
train-e29341ac457e-0,What reduces the risk of migraine?,"""Migraine frequency can be reduced by keeping a headache diary, regular sleep and meals, staying hydrated, managing stress and avoiding identified triggers.""",SyntheticMedQA-B,train
train-1c6d862bbe66-0,How do I know if I have varicella?,"Chickenpox causes an itchy rash of red spots that become fluid-filled blisters and then crust over, along with fever, tiredness and loss of appetite.",SyntheticMedQA-B,train
train-6f4ff4b18ae9-0,How can chickenpox be prevented?,Chickenpox is prevented with two doses of the varicella vaccine. People who are not immune should avoid contact with infected individuals.,SyntheticMedQA-B,train
train-214cf4ac0279-0,What is the cause of adult-onset diabetes?,"Type 2 diabetes results from insulin resistance combined with a gradual decline in insulin production. Excess body weight, physical inactivity, family history and older age increase the risk.",SyntheticMedQA-A,train
train-6c99ae2aaaee-0,Can you give me an overview of type 1 diabetes?,"""Type 1 diabetes is a common medical condition. Type 1 diabetes is an autoimmune disease in which the immune system destroys the insulin-producing beta cells of the pancreas. Genetic susceptibility and possibly environmental triggers such as viral infections are thought to play a role. Type 1 diabetes often causes increased thirst, frequent urination, unexplained weight loss, extreme hunger, fatigue and blurred vision. Symptoms can develop quickly over a few weeks, and some people first present with diabetic ketoacidosis. Type 1 diabetes is diagnosed with blood glucose tests such as fasting plasma glucose, HbA1c or a random glucose above 200 mg/dL with symptoms. Autoantibody tests and C-peptide levels help distinguish it from type 2 diabetes. Type 1 diabetes is treated with lifelong insulin therapy delivered by multiple daily injections or an insulin pump, together with blood glucose monitoring, carbohydrate counting and regular exercise. There is currently no proven way to prevent type 1 diabetes. Screening relatives for autoantibodies can identify people at high risk, and the drug teplizumab may delay onset in some of them. Living with type 1 diabetes usually involves a long-term partnership with a healthcare team. Regular follow-up visits allow the treatment plan to be adjusted, side effects to be identified early and complications to be screened for. Patients are encouraged to keep a written record of their symptoms, medications and questions for each appointment, and to ask about reliable sources of education and local support groups. Family members can also benefit from learning about the condition. Any sudden worsening of symptoms should prompt urgent medical review rather than waiting for the next scheduled appointment.""",SyntheticMedQA-A,train
train-21284e79e4cb-0,How is type 1 diabetes diagnosed?,"Type 1 diabetes is diagnosed with blood glucose tests such as fasting plasma glucose, HbA1c or a random glucose above 200 mg/dL with symptoms. Autoantibody tests and C-peptide levels help distinguish it from type 2 diabetes.",SyntheticMedQA-A,train
train-0214d8979d8a-0,What is the cause of severe recurring headaches?,"Migraine is a neurological disorder involving activation of the trigeminovascular system. Common triggers include stress, hormonal changes, lack of sleep, skipped meals, alcohol and certain foods.",SyntheticMedQA-A,train
train-90171b5dba2e-0,How do doctors check for chronic obstructive pulmonary disease?,COPD is diagnosed by spirometry showing a post-bronchodilator FEV1/FVC ratio below 0.70 in a person with symptoms and risk factors. Chest imaging helps exclude other conditions.,SyntheticMedQA-A,train
train-f7657d24495d-0,how do i know if i have acid reflux?,"GERD causes heartburn, a burning feeling in the chest after meals, regurgitation of sour liquid, difficulty swallowing, chronic cough and hoarseness.",SyntheticMedQA-A,train
train-472369a64650-0,Tell me about adult-onset diabetes.,"Type 2 diabetes is a common medical condition.
Type 2 diabetes results from insulin resistance combined with a gradual decline in insulin production. Excess body weight, physical inactivity, family history and older age increase the risk. Type 2 diabetes develops slowly and may cause increased thirst, frequent urination, tiredness, slow-healing sores, frequent infections and tingling in the hands or feet. Many people have no symptoms for years. Type 2 diabetes is diagnosed when HbA1c is 6.5% or higher, fasting plasma glucose is 126 mg/dL or higher, or a 2-hour oral glucose tolerance test reading is 200 mg/dL or higher. Type 2 diabetes treatment starts with healthy eating, weight loss and physical activity, usually with metformin. Other options include SGLT2 inhibitors, GLP-1 receptor agonists and insulin. Type 2 diabetes can often be prevented or delayed by losing 5 to 7 percent of body weight, exercising about 150 minutes per week and choosing a diet rich in fiber and low in refined sugar. Living with type 2 diabetes usually involves a long-term partnership with a healthcare team. Regular follow-up visits allow the treatment plan to be adjusted, side effects to be identified early and complications to be screened for. Patients are encouraged to keep a written record of their symptoms, medications and questions for each appointment, and to ask about reliable sources of education and local support groups. Family members can also benefit from learning about the condition. Any sudden worsening of symptoms should prompt urgent medical review rather than waiting for the next scheduled appointment.",SyntheticMedQA-B,train
train-2dc715ad70b3-0,How is migraine diagnosed?,Migraine is diagnosed clinically based on the pattern of headaches and associated symptoms. Brain imaging is only needed when there are red-flag features such as a sudden severe headache or neurological deficits.,SyntheticMedQA-A,train
train-084f63f75ea1-0,Which symptoms does osteoporosis cause?,"Osteoporosis usually has no symptoms until a bone breaks. Signs can include back pain from a collapsed vertebra, loss of height, a stooped posture and fractures from minor falls.",SyntheticMedQA-A,train
train-27012a208851-0,Is there a way to avoid uric acid arthritis?,"Gout attacks can be prevented by limiting alcohol, red meat and sugary drinks, staying hydrated, losing weight and taking urate-lowering medication when prescribed.",SyntheticMedQA-B,train
train-e10cbbf12c5f-0,What reduces the risk of influenza?,"The annual flu vaccine is the best prevention against influenza, together with hand washing, covering coughs and staying home when sick.",SyntheticMedQA-B,train
train-9913128a4ff7-0,Explain chronic obstructive pulmonary disease in detail.,"COPD is a common medical condition. COPD is mainly caused by long-term cigarette smoking. Occupational dust and chemicals, indoor smoke from cooking fuels and the genetic condition alpha-1 antitrypsin deficiency also contribute. COPD causes a chronic cough with mucus, shortness of breath that worsens with activity, wheezing and frequent chest infections. Symptoms progress slowly over years. COPD is diagnosed by spirometry showing a post-bronchodilator FEV1/FVC ratio below 0.70 in a person with symptoms and risk factors. Chest imaging helps exclude other conditions. COPD treatment includes stopping smoking, long-acting bronchodilators (LAMA and LABA inhalers), pulmonary rehabilitation, vaccinations and oxygen therapy for people with low blood oxygen. The best way to prevent COPD is never to smoke or to quit smoking, and to reduce exposure to occupational dust, fumes and indoor air pollution. Living with COPD usually involves a long-term partnership with a healthcare team. Regular follow-up visits allow the treatment plan to be adjusted, side effects to be identified early and complications to be screened for. Patients are encouraged to keep a written record of their symptoms, medications and questions for each appointment, and to ask about reliable sources of education and local support groups. Family members can also benefit from learning about the condition. Any sudden worsening of symptoms should prompt urgent medical review rather than waiting for the next scheduled appointment.",SyntheticMedQA-B,train
train-4e4c322bde70-0,How can GERD be prevented?,"GERD symptoms can be prevented by losing excess weight, eating smaller meals, avoiding lying down within 3 hours of eating, raising the head of the bed and limiting trigger foods.",SyntheticMedQA-B,train
train-3dee0a89b2a3-0,What are the risk factors for urinary tract infection?,"Urinary tract infections are usually caused by bacteria, most often Escherichia coli from the bowel, entering the urethra. Female anatomy, sexual activity and urinary catheters raise the risk.",SyntheticMedQA-B,train
train-250a5a4d8e20-0,What causes migraine?,"""Migraine is a neurological disorder involving activation of the trigeminovascular system. Common triggers include stress, hormonal changes, lack of sleep, skipped meals, alcohol and certain foods.""",SyntheticMedQA-A,train
train-dc0dad7267af-0,Which test shows if I have severe recurring headaches?,Migraine is diagnosed clinically based on the pattern of headaches and associated symptoms. Brain imaging is only needed when there are red-flag features such as a sudden severe headache or neurological deficits.,SyntheticMedQA-A,train
train-d87936f4dc2f-0,Which medications are used for hypothyroidism?,"Hypothyroidism is treated with daily levothyroxine, a synthetic thyroid hormone, with the dose adjusted according to TSH levels checked every 6 to 8 weeks.",SyntheticMedQA-B,train
train-f56a8fb9b6cc-0,What causes osteoporosis?,"Osteoporosis occurs when bone loss outpaces new bone formation. Menopause, aging, low calcium and vitamin D, steroid use, smoking and low body weight increase the risk.",SyntheticMedQA-A,train
train-32b871b3d7e3-0,How can uric acid arthritis be managed?,"Gout flares are treated with NSAIDs, colchicine or corticosteroids. Long-term urate-lowering therapy with allopurinol or febuxostat prevents further attacks.",SyntheticMedQA-B,train
train-8d56551402b2-0,Is there a way to avoid varicella?,Chickenpox is prevented with two doses of the varicella vaccine. People who are not immune should avoid contact with infected individuals.,SyntheticMedQA-B,train
train-68a297854ac3-0,What are the risk factors for hypothyroidism?,"Hypothyroidism is most often caused by Hashimoto's thyroiditis, an autoimmune condition. Other causes include thyroid surgery, radioactive iodine treatment and iodine deficiency.",SyntheticMedQA-A,train
train-5de243b962f5-0,How is gout treated?,"Gout flares are treated with NSAIDs, colchicine or corticosteroids. Long-term urate-lowering therapy with allopurinol or febuxostat prevents further attacks.",SyntheticMedQA-B,train
train-0489a4d04ebf-0,How is type 2 diabetes treated?,"Type 2 diabetes treatment starts with healthy eating, weight loss and physical activity, usually with metformin. Other options include SGLT2 inhibitors, GLP-1 receptor agonists and insulin.",SyntheticMedQA-A,train
train-23b2e74ab6ed-0,Which test shows if I have underactive thyroid?,Hypothyroidism is diagnosed with blood tests showing a high TSH and low free T4. Thyroid peroxidase antibodies suggest Hashimoto's thyroiditis.,SyntheticMedQA-B,train
train-00c1ab1aa53d-0,How can stroke be prevented?,"Stroke can be prevented by controlling blood pressure, treating atrial fibrillation with anticoagulants, not smoking, managing cholesterol and diabetes and staying active.",SyntheticMedQA-B,train
train-6d6891881250-0,What are the treatments for stroke?,Ischemic stroke is treated with clot-busting thrombolysis within 4.5 hours or mechanical thrombectomy. Hemorrhagic stroke management focuses on controlling bleeding and blood pressure.,SyntheticMedQA-B,train
train-54fc3774e84a-0,What does juvenile diabetes feel like?,"Type 1 diabetes often causes increased thirst, frequent urination, unexplained weight loss, extreme hunger, fatigue and blurred vision.
Symptoms can develop quickly over a few weeks, and some people first present with diabetic ketoacidosis.",SyntheticMedQA-A,train
train-ae9c55fa15aa-0,What are the symptoms of hypothyroidism?,"Hypothyroidism causes tiredness, weight gain, feeling cold, constipation, dry skin, hair thinning, depression and slowed heart rate.",SyntheticMedQA-B,train
train-cd5504f74bfd-0,Which test shows if I have juvenile diabetes?,"Type 1 diabetes is diagnosed with blood glucose tests such as fasting plasma glucose, HbA1c or a random glucose above 200 mg/dL with symptoms. Autoantibody tests and C-peptide levels help distinguish it from type 2 diabetes.",SyntheticMedQA-A,train
train-7e707a3c6109-0,What causes major depressive disorder?,"Major depressive disorder arises from a combination of genetic vulnerability, brain chemistry, stressful life events, trauma, chronic illness and certain medications.",SyntheticMedQA-A,train
train-0c59288ecb00-0,Which medications are used for asthma?,"Asthma is managed with inhaled corticosteroids for long-term control and short-acting bronchodilators such as albuterol for quick relief, along with avoiding known triggers and having a written action plan.",SyntheticMedQA-A,train
train-761e90a1ae95-0,How do I prevent celiac disease?,"Celiac disease cannot be prevented, but complications are prevented by strict gluten avoidance, and screening of first-degree relatives allows early diagnosis.",SyntheticMedQA-A,train
train-7e38c29c5379-0,What causes gout?,"Gout is caused by high levels of uric acid in the blood that form urate crystals in joints. Red meat, seafood, alcohol, sugary drinks, obesity and diuretics increase the risk.",SyntheticMedQA-B,train
train-d6c64ddaeba1-0,What does chronic obstructive pulmonary disease feel like?,"COPD causes a chronic cough with mucus, shortness of breath that worsens with activity, wheezing and frequent chest infections. Symptoms progress slowly over years.",SyntheticMedQA-A,train
train-066b1cf005a6-0,Is there a way to avoid the flu?,"The annual flu vaccine is the best prevention against influenza, together with hand washing, covering coughs and staying home when sick.",SyntheticMedQA-B,train
train-d58534dda732-0,How do I know if I have gluten intolerance?,"Celiac disease can cause diarrhea, bloating, abdominal pain, weight loss & fatigue, as well as non-digestive problems such as anemia, an itchy blistering rash and bone loss.",SyntheticMedQA-B,train
train-3c4ffc61430d-0,What are the signs of type 2 diabetes?,"Type 2 diabetes develops slowly and may cause increased thirst, frequent urination, tiredness, slow-healing sores, frequent infections and tingling in the hands or feet. Many people have no symptoms for years.",SyntheticMedQA-B,train
train-0eace801c600-0,What reduces the risk of psoriasis?,"Psoriasis flares can be reduced by moisturizing the skin, managing stress, avoiding skin injury, limiting alcohol and not smoking.",SyntheticMedQA-B,train
train-7ada1b432f1b-0,Can varicella be prevented?,Chickenpox is prevented with two doses of the varicella vaccine. People who are not immune should avoid contact with infected individuals.,SyntheticMedQA-B,train
train-a04a6e580e1b-0,What are the risk factors for generalized anxiety disorder?,"Generalized anxiety disorder is linked to genetics, differences in brain chemistry, personality traits and stressful or traumatic experiences.",SyntheticMedQA-B,train
train-58c5b2fff92a-0,Which medications are used for iron-deficiency anemia?,"Iron-deficiency anemia is treated with oral iron supplements such as ferrous sulfate, or intravenous iron if tablets are not tolerated, while treating the source of blood loss.",SyntheticMedQA-A,train
train-7b16614e47f5-0,How can hypothyroidism be prevented?,"Most hypothyroidism cannot be prevented, but adequate dietary iodine prevents the iodine-deficiency form, and screening allows early treatment.",SyntheticMedQA-B,train
train-3f8cf0a510c5-0,How does someone develop the flu?,"Influenza is caused by influenza A and B viruses that spread through respiratory droplets when infected people cough, sneeze or talk, and through contaminated surfaces.",SyntheticMedQA-A,train
train-52194ceac955-0,Which symptoms does coronary artery disease cause?,"Coronary artery disease can cause chest pain or pressure (angina) during exertion, shortness of breath and fatigue. The first sign may be a heart attack.",SyntheticMedQA-B,train
train-3bffbf8779cf-0,How do doctors check for clogged heart arteries?,"Coronary artery disease is diagnosed using an electrocardiogram, stress testing, coronary CT angiography and invasive coronary angiography.",SyntheticMedQA-A,train
train-43b586182d60-0,Is there a way to avoid clinical depression?,"The risk of depression relapse can be reduced by continuing treatment as advised, regular exercise, good sleep, social support and early help when symptoms return.",SyntheticMedQA-B,train
train-3be036598733-0,Explain wheezing lung disease in detail.,"Asthma is a common medical condition. Asthma is caused by chronic inflammation and hyperresponsiveness of the airways. Genetics, allergies, early respiratory infections and exposure to tobacco smoke or pollution increase the risk. Asthma causes episodes of wheezing, shortness of breath, chest tightness and coughing, often worse at night or early morning and triggered by exercise, allergens or cold air. Asthma is diagnosed with a clinical history plus spirometry showing airflow obstruction that improves after a bronchodilator. Peak flow monitoring and FeNO testing can support the diagnosis. Asthma is managed with inhaled corticosteroids for long-term control and short-acting bronchodilators such as albuterol for quick relief, along with avoiding known triggers and having a written action plan. Asthma attacks can be prevented by taking controller medication as prescribed, avoiding triggers such as smoke and dust mites, getting the flu vaccine and monitoring peak flow. Living with asthma usually involves a long-term partnership with a healthcare team. Regular follow-up visits allow the treatment plan to be adjusted, side effects to be identified early and complications to be screened for. Patients are encouraged to keep a written record of their symptoms, medications and questions for each appointment, and to ask about reliable sources of education and local support groups. Family members can also benefit from learning about the condition. Any sudden worsening of symptoms should prompt urgent medical review rather than waiting for the next scheduled appointment.",SyntheticMedQA-A,train
train-73286daf8324-0,What tests are used to diagnose psoriasis?,"Psoriasis is usually diagnosed by examining the skin, scalp and nails. A skin biopsy is occasionally done to rule out other conditions.",SyntheticMedQA-A,train
train-09b67c7a5057-0,Which medications are used for coronary artery disease?,"Coronary artery disease is treated with lifestyle changes, statins, aspirin, beta blockers and nitrates, and with angioplasty and stenting or bypass surgery when arteries are severely narrowed.",SyntheticMedQA-A,train
train-a62b838d8e2e-0,How can high blood pressure be managed?,"Hypertension is treated with lifestyle changes such as reducing salt and alcohol, plus medicines including ACE inhibitors, angiotensin receptor blockers, calcium channel blockers and thiazide diuretics.",SyntheticMedQA-A,train
train-4b83504312b6-0,How do I know if I have adult-onset diabetes?,"Type 2 diabetes develops slowly and may cause increased thirst, frequent urination, tiredness, slow-healing sores, frequent infections and tingling in the hands or feet. Many people have no symptoms for years.",SyntheticMedQA-B,train
train-71b15069567e-0,Why do people get rheumatoid arthritis?,"Rheumatoid arthritis is an autoimmune disease in which the immune system attacks the synovium lining the joints. Genetic factors, smoking and female sex increase the risk.",SyntheticMedQA-A,train
train-a0316cedf2cb-0,Is there a way to avoid high blood pressure?,"Hypertension risk can be lowered by keeping a healthy weight, limiting sodium, following the DASH diet, exercising regularly, limiting alcohol and not smoking.",SyntheticMedQA-A,train
train-6f2fb93a9442-0,What are the treatments for kidney stones?,"Small kidney stones often pass with fluids, pain relief and tamsulosin. Larger stones may need shock wave lithotripsy, ureteroscopy or percutaneous nephrolithotomy.",SyntheticMedQA-A,train
train-03f231943812-0,What are the signs of iron-deficiency anemia?,"Iron-deficiency anemia causes fatigue, weakness, pale skin, shortness of breath on exertion, dizziness, cold hands and feet, brittle nails and sometimes cravings for ice.",SyntheticMedQA-A,train
train-9543de4f09ac-0,How can pneumonia be confirmed?,"Pneumonia is diagnosed by physical examination and a chest X-ray showing infiltrates. Blood tests, pulse oximetry and sputum cultures help judge severity and identify the organism.",SyntheticMedQA-A,train
train-3e1f523b7431-0,What are the symptoms of urinary tract infection?,"A urinary tract infection causes a burning sensation when urinating, a frequent urge to urinate, cloudy or strong-smelling urine and pelvic pain.
Fever and back pain suggest a kidney infection.",SyntheticMedQA-B,train
train-60e88c18b74e-0,What tests are used to diagnose osteoarthritis?,"Osteoarthritis is diagnosed from symptoms and examination, with X-rays showing joint space narrowing and bone spurs. Blood tests are used to rule out inflammatory arthritis.",SyntheticMedQA-A,train
train-b9ab14eb5d7a-0,How can kidney stones be confirmed?,"Kidney stones are diagnosed with a non-contrast CT scan or ultrasound, together with urine tests for blood and infection and blood tests for kidney function and calcium.",SyntheticMedQA-A,train
train-0e8fe1f6c7fa-0,What is the cause of clogged heart arteries?,"Coronary artery disease is caused by atherosclerosis, the buildup of cholesterol plaque in the heart's arteries. Smoking, high LDL cholesterol, hypertension and diabetes are major risk factors.",SyntheticMedQA-A,train
train-0712a42c40fc-0,What does wheezing lung disease feel like?,"Asthma causes episodes of wheezing, shortness of breath, chest tightness and coughing, often worse at night or early morning and triggered by exercise, allergens or cold air.",SyntheticMedQA-B,train
train-739eb12783ba-0,What should I know about hypertension?,"Hypertension is a common medical condition. Most hypertension is primary, linked to age, genetics, high salt intake, obesity, alcohol and inactivity. Secondary hypertension can be caused by kidney disease, sleep apnea, thyroid problems or some medications. Hypertension usually causes no symptoms, which is why it is called the silent killer. Very high readings can cause severe headache, chest pain, shortness of breath, nosebleeds or vision changes. Hypertension is diagnosed when repeated blood pressure readings are 130/80 mmHg or higher. Home or ambulatory monitoring helps confirm the diagnosis and rule out white-coat hypertension. Hypertension is treated with lifestyle changes such as reducing salt and alcohol, plus medicines including ACE inhibitors, angiotensin receptor blockers, calcium channel blockers and thiazide diuretics. Hypertension risk can be lowered by keeping a healthy weight, limiting sodium, following the DASH diet, exercising regularly, limiting alcohol and not smoking. Living with hypertension usually involves a long-term partnership with a healthcare team. Regular follow-up visits allow the treatment plan to be adjusted, side effects to be identified early and complications to be screened for. Patients are encouraged to keep a written record of their symptoms, medications and questions for each appointment, and to ask about reliable sources of education and local support groups. Family members can also benefit from learning about the condition. Any sudden worsening of symptoms should prompt urgent medical review rather than waiting for the next scheduled appointment.",SyntheticMedQA-B,train
train-e0bfe0a287a8-0,What are the risk factors for pneumonia?,"Pneumonia is an infection of the air sacs of the lungs, most often caused by bacteria such as Streptococcus pneumoniae, viruses such as influenza & RSV, or less commonly fungi.",SyntheticMedQA-A,train
train-26962899519d-0,How is GERD diagnosed?,GERD is usually diagnosed from typical symptoms and response to acid-suppressing treatment. Upper endoscopy and esophageal pH monitoring are used when symptoms are atypical or severe.,SyntheticMedQA-B,train
train-7bc0cc538ae6-0,How is major depressive disorder diagnosed?,"Major depressive disorder is diagnosed through a clinical interview using DSM-5 criteria. Questionnaires such as the PHQ-9 help screen and measure severity, and blood tests rule out thyroid disease.",SyntheticMedQA-A,train
train-7f439428b4b8-0,Which test shows if I have the flu?,Influenza is usually diagnosed from symptoms during flu season. Rapid antigen tests or PCR on a nasal swab confirm the infection.,SyntheticMedQA-A,train
train-f72140bd38a1-0,How do I know if I have clogged heart arteries?,"Coronary artery disease can cause chest pain or pressure (angina) during exertion, shortness of breath and fatigue. The first sign may be a heart attack.",SyntheticMedQA-B,train
train-bf2636751900-0,How do I prevent hypertension?,"Hypertension risk can be lowered by keeping a healthy weight, limiting sodium, following the DASH diet, exercising regularly, limiting alcohol and not smoking.",SyntheticMedQA-A,train
train-a42257be2d5e-0,How do doctors check for clinical depression?,"Major depressive disorder is diagnosed through a clinical interview using DSM-5 criteria. Questionnaires such as the PHQ-9 help screen and measure severity, and blood tests rule out thyroid disease.",SyntheticMedQA-A,train
train-dc4437c3e1e7-0,How is major depressive disorder treated?,"Major depressive disorder is treated with psychotherapy such as cognitive behavioral therapy, antidepressants such as SSRIs, or both. Severe cases may need hospital care or electroconvulsive therapy.",SyntheticMedQA-A,train
train-141945a97d8d-0,How do I prevent psoriasis?,"Psoriasis flares can be reduced by moisturizing the skin, managing stress, avoiding skin injury, limiting alcohol and not smoking.. Consult a healthcare provider for more information.",SyntheticMedQA-B,train
train-5467c105387e-0,How does someone develop renal calculi?,"Kidney stones form when urine contains more crystal-forming substances such as calcium oxalate or uric acid than the fluid can dilute. Dehydration, diet and some medical conditions contribute.",SyntheticMedQA-A,train
train-d57ddd22b6a7-0,What are the risk factors for migraine?,"Migraine is a neurological disorder involving activation of the trigeminovascular system. Common triggers include stress, hormonal changes, lack of sleep, skipped meals, alcohol and certain foods.",SyntheticMedQA-A,train
train-b2c67cd1d3d8-0,What does brittle bones feel like?,"Osteoporosis usually has no symptoms until a bone breaks. Signs can include back pain from a collapsed vertebra, loss of height, a stooped posture and fractures from minor falls.",SyntheticMedQA-A,train
train-8618aa8b0337-0,Can chronic obstructive pulmonary disease be prevented?,"The best way to prevent COPD is never to smoke or to quit smoking, and to reduce exposure to occupational dust, fumes and indoor air pollution.",SyntheticMedQA-B,train
train-f0b302205e2e-0,Can high blood pressure be prevented?,"Hypertension risk can be lowered by keeping a healthy weight, limiting sodium, following the DASH diet, exercising regularly, limiting alcohol & not smoking.",SyntheticMedQA-A,train
train-9ae1ec3934d4-0,What is the best treatment for bladder infection?,"Uncomplicated urinary tract infections are treated with a short course of antibiotics such as nitrofurantoin or trimethoprim-sulfamethoxazole, plus fluids.",SyntheticMedQA-B,train
train-39dce6a7f36c-0,Can brain attack be prevented?,"Stroke can be prevented by controlling blood pressure, treating atrial fibrillation with anticoagulants, not smoking, managing cholesterol and diabetes and staying active.",SyntheticMedQA-B,train
train-e62303056a99-0,How do I prevent influenza?,"The annual flu vaccine is the best prevention against influenza, together with hand washing, covering coughs and staying home when sick.",SyntheticMedQA-B,train
train-adcc075776bf-0,Can juvenile diabetes be prevented?,There is currently no proven way to prevent type 1 diabetes. Consult a healthcare provider for more information.,SyntheticMedQA-B,train
train-6f726e3c76e9-0,How do I know if I have clinical depression?,"Major depressive disorder causes persistent sadness or loss of interest for at least two weeks, with changes in sleep and appetite, low energy, poor concentration, feelings of worthlessness and sometimes thoughts of death.",SyntheticMedQA-B,train
train-b474dfbeac8c-0,Which medications are used for major depressive disorder?,"Major depressive disorder is treated with psychotherapy such as cognitive behavioral therapy, antidepressants such as SSRIs, or both. Severe cases may need hospital care or electroconvulsive therapy.",SyntheticMedQA-A,train
train-de4b2e997902-0,Which test shows if I have constant worrying?,"Generalized anxiety disorder is diagnosed by a clinician using DSM-5 criteria, often supported by the GAD-7 questionnaire, after excluding medical causes such as hyperthyroidism.. Consult a healthcare provider for more information.",SyntheticMedQA-A,train
train-6fec4eca472b-0,What does clogged heart arteries feel like?,"Coronary artery disease can cause chest pain or pressure (angina) during exertion, shortness of breath and fatigue. The first sign may be a heart attack.",SyntheticMedQA-B,train
train-2344df08d1a8-0,What should I know about type 1 diabetes?,"Type 1 diabetes is a common medical condition. Type 1 diabetes is an autoimmune disease in which the immune system destroys the insulin-producing beta cells of the pancreas. Genetic susceptibility & possibly environmental triggers such as viral infections are thought to play a role. Type 1 diabetes often causes increased thirst, frequent urination, unexplained weight loss, extreme hunger, fatigue and blurred vision. Symptoms can develop quickly over a few weeks, and some people first present with diabetic ketoacidosis. Type 1 diabetes is diagnosed with blood glucose tests such as fasting plasma glucose, HbA1c or a random glucose above 200 mg/dL with symptoms. Autoantibody tests and C-peptide levels help distinguish it from type 2 diabetes. Type 1 diabetes is treated with lifelong insulin therapy delivered by multiple daily injections or an insulin pump, together with blood glucose monitoring, carbohydrate counting and regular exercise. There is currently no proven way to prevent type 1 diabetes. Screening relatives for autoantibodies can identify people at high risk, and the drug teplizumab may delay onset in some of them. Living with type 1 diabetes usually involves a long-term partnership with a healthcare team. Regular follow-up visits allow the treatment plan to be adjusted, side effects to be identified early and complications to be screened for. Patients are encouraged to keep a written record of their symptoms, medications and questions for each appointment, and to ask about reliable sources of education and local support groups. Family members can also benefit from learning about the condition. Any sudden worsening of symptoms should prompt urgent medical review rather than waiting for the next scheduled appointment.",SyntheticMedQA-A,train
train-c58b194ade17-0,How does someone develop bladder infection?,"Urinary tract infections are usually caused by bacteria, most often Escherichia coli from the bowel, entering the urethra. Female anatomy, sexual activity & urinary catheters raise the risk.",SyntheticMedQA-B,train
train-f1deb622aaa2-0,What is asthma?,"Asthma is a common medical condition. Asthma is caused by chronic inflammation and hyperresponsiveness of the airways. Genetics, allergies, early respiratory infections and exposure to tobacco smoke or pollution increase the risk. Asthma causes episodes of wheezing, shortness of breath, chest tightness and coughing, often worse at night or early morning and triggered by exercise, allergens or cold air. Asthma is diagnosed with a clinical history plus spirometry showing airflow obstruction that improves after a bronchodilator. Peak flow monitoring and FeNO testing can support the diagnosis. Asthma is managed with inhaled corticosteroids for long-term control and short-acting bronchodilators such as albuterol for quick relief, along with avoiding known triggers and having a written action plan. Asthma attacks can be prevented by taking controller medication as prescribed, avoiding triggers such as smoke and dust mites, getting the flu vaccine and monitoring peak flow. Living with asthma usually involves a long-term partnership with a healthcare team. Regular follow-up visits allow the treatment plan to be adjusted, side effects to be identified early and complications to be screened for. Patients are encouraged to keep a written record of their symptoms, medications and questions for each appointment, and to ask about reliable sources of education and local support groups. Family members can also benefit from learning about the condition. Any sudden worsening of symptoms should prompt urgent medical review rather than waiting for the next scheduled appointment.",SyntheticMedQA-A,train
train-f06d9c815ada-0,How do doctors check for renal calculi?,"Kidney stones are diagnosed with a non-contrast CT scan or ultrasound, together with urine tests for blood and infection and blood tests for kidney function and calcium.",SyntheticMedQA-A,train
train-2de74fd4d2e3-0,What reduces the risk of major depressive disorder?,"The risk of depression relapse can be reduced by continuing treatment as advised, regular exercise, good sleep, social support and early help when symptoms return.",SyntheticMedQA-B,train
train-84805ae35dcd-0,How can hypertension be confirmed?,Hypertension is diagnosed when repeated blood pressure readings are 130/80 mmHg or higher. Home or ambulatory monitoring helps confirm the diagnosis and rule out white-coat hypertension.,SyntheticMedQA-A,train
train-228e1344fde0-0,What is the cause of scaly skin plaques?,"Psoriasis is a chronic immune-mediated disease that speeds up the skin cell life cycle. Genetics plays a role and flares can be triggered by stress, infections, skin injury and some medications.",SyntheticMedQA-A,train
train-b7b8406b80ff-0,What are the treatments for hypothyroidism?,"Hypothyroidism is treated with daily levothyroxine, a synthetic thyroid hormone, with the dose adjusted according to TSH levels checked every 6 to 8 weeks.",SyntheticMedQA-B,train
train-8b22c296aabb-0,How can type 2 diabetes be prevented?,"Type 2 diabetes can often be prevented or delayed by losing 5 to 7 percent of body weight, exercising about 150 minutes per week and choosing a diet rich in fiber and low in refined sugar.",SyntheticMedQA-B,train
train-8e22588e07f9-0,How can type 2 diabetes be confirmed?,"Type 2 diabetes is diagnosed when HbA1c is 6.5% or higher, fasting plasma glucose is 126 mg/dL or higher, or a 2-hour oral glucose tolerance test reading is 200 mg/dL or higher.",SyntheticMedQA-B,train
train-3005f748c0d6-0,How is chickenpox treated?,"Chickenpox is treated with rest, fluids, calamine lotion and antihistamines for itching, and paracetamol for fever. Aciclovir is used for adults and high-risk patients. Aspirin should be avoided in children.",SyntheticMedQA-B,train
train-0ac90aff4cd7-0,What are the signs of chickenpox?,"Chickenpox causes an itchy rash of red spots that become fluid-filled blisters and then crust over, along with fever, tiredness and loss of appetite.",SyntheticMedQA-B,train
train-140f30cd6a98-0,What are the treatments for celiac disease?,"The only treatment for celiac disease is a strict lifelong gluten-free diet, which allows the intestine to heal. Nutritional deficiencies such as iron and vitamin D are corrected.",SyntheticMedQA-A,train
train-47e3f1e25492-0,What reduces the risk of celiac disease?,"Celiac disease cannot be prevented, but complications are prevented by strict gluten avoidance, and screening of first-degree relatives allows early diagnosis.",SyntheticMedQA-A,train
train-01e95037092a-0,What are the signs of migraine?,"Migraine causes moderate to severe throbbing headache, usually on one side, lasting 4 to 72 hours, with nausea and sensitivity to light and sound. Some people have a visual aura beforehand.",SyntheticMedQA-A,train
train-e72e75f4b528-0,Which test shows if I have uric acid arthritis?,Gout is confirmed by finding urate crystals in joint fluid drawn with a needle. Serum uric acid levels and dual-energy CT or ultrasound support the diagnosis.,SyntheticMedQA-B,train
train-6fe0c4fc0082-0,How do doctors check for wheezing lung disease?,Asthma is diagnosed with a clinical history plus spirometry showing airflow obstruction that improves after a bronchodilator. Peak flow monitoring and FeNO testing can support the diagnosis.,SyntheticMedQA-A,train
train-9805a9cd863a-0,What does renal calculi feel like?,"Kidney stones cause severe sharp pain in the side and back that may spread to the lower abdomen and groin, blood in the urine, nausea, vomiting and frequent painful urination.",SyntheticMedQA-A,train
train-93243484da2c-0,Is there a way to avoid lung infection?,"Pneumonia can be prevented with pneumococcal and influenza vaccines, hand washing, not smoking and good management of chronic illnesses.",SyntheticMedQA-A,train
train-86c245044dce-0,Which symptoms does rheumatoid arthritis cause?,"Rheumatoid arthritis causes painful, swollen, warm joints, usually symmetrical in the small joints of the hands and feet, with morning stiffness lasting more than an hour and fatigue.",SyntheticMedQA-B,train
train-daee682a8b1a-0,What are the symptoms of pneumonia?,"Pneumonia causes cough with phlegm, fever, chills, shortness of breath and sharp chest pain when breathing. Older adults may instead have confusion and a low body temperature.",SyntheticMedQA-A,train
train-3f856064b318-0,What are the risk factors for gout?,"Gout is caused by high levels of uric acid in the blood that form urate crystals in joints. Red meat, seafood, alcohol, sugary drinks, obesity and diuretics increase the risk.",SyntheticMedQA-B,train
train-febd740ea33b-0,What are the signs of urinary tract infection?,"A urinary tract infection causes a burning sensation when urinating, a frequent urge to urinate, cloudy or strong-smelling urine and pelvic pain.
Fever and back pain suggest a kidney infection.",SyntheticMedQA-B,train
train-36272eace089-0,What is the cause of acid reflux?,"GERD occurs when the lower esophageal sphincter relaxes abnormally and stomach acid flows back into the esophagus. Obesity, hiatal hernia, pregnancy, smoking and large late meals contribute.",SyntheticMedQA-B,train
train-423fa3ad59af-0,What causes asthma?,"Asthma is caused by chronic inflammation and hyperresponsiveness of the airways. Genetics, allergies, early respiratory infections and exposure to tobacco smoke or pollution increase the risk.",SyntheticMedQA-B,train
train-b743d08c7a46-0,How can gout be prevented?,"Gout attacks can be prevented by limiting alcohol, red meat and sugary drinks, staying hydrated, losing weight and taking urate-lowering medication when prescribed.",SyntheticMedQA-B,train
train-0003466ad32b-0,What are the risk factors for GERD?,"GERD occurs when the lower esophageal sphincter relaxes abnormally and stomach acid flows back into the esophagus. Obesity, hiatal hernia, pregnancy, smoking and large late meals contribute.",SyntheticMedQA-B,train
train-26f1e4c3bb97-0,Is there a way to avoid chronic obstructive pulmonary disease?,"The best way to prevent COPD is never to smoke or to quit smoking, and to reduce exposure to occupational dust, fumes and indoor air pollution.",SyntheticMedQA-B,train
train-29594298d2b7-0,How is hyperthyroidism diagnosed?,"Hyperthyroidism is diagnosed with a low TSH and high free T4 or T3.
Thyroid antibodies and a radioactive iodine uptake scan help identify the cause.",SyntheticMedQA-A,train
train-a2bf68ab1a06-0,What are the risk factors for rheumatoid arthritis?,"Rheumatoid arthritis is an autoimmune disease in which the immune system attacks the synovium lining the joints. Genetic factors, smoking and female sex increase the risk.",SyntheticMedQA-A,train
train-9321bfe894f8-0,How does someone develop constant worrying?,"Generalized anxiety disorder is linked to genetics, differences in brain chemistry, personality traits and stressful or traumatic experiences.",SyntheticMedQA-B,train
train-86ac6080eb57-0,How can adult-onset diabetes be managed?,"Type 2 diabetes treatment starts with healthy eating, weight loss and physical activity, usually with metformin. Other options include SGLT2 inhibitors, GLP-1 receptor agonists and insulin.",SyntheticMedQA-A,train
train-3cd651cf48f7-0,What are the signs of kidney stones?,"Kidney stones cause severe sharp pain in the side and back that may spread to the lower abdomen and groin, blood in the urine, nausea, vomiting and frequent painful urination.",SyntheticMedQA-A,train
train-d6e5c6075067-0,What tests are used to diagnose stroke?,"Stroke is diagnosed urgently with a CT or MRI scan of the brain to distinguish a clot from bleeding, along with blood tests and an ECG to look for atrial fibrillation.",SyntheticMedQA-B,train
train-12fb3cc0f54b-0,Why do people get hypertension?,"Most hypertension is primary, linked to age, genetics, high salt intake, obesity, alcohol and inactivity. Secondary hypertension can be caused by kidney disease, sleep apnea, thyroid problems or some medications.",SyntheticMedQA-A,train
train-b2b7b0354a08-0,Can bladder infection be prevented?,"Urinary tract infections can be prevented by drinking plenty of fluids, urinating after intercourse, wiping front to back and avoiding irritating feminine products.",SyntheticMedQA-A,train
train-c306191add90-0,Why do people get hyperthyroidism?,"Hyperthyroidism is most commonly caused by Graves' disease. Toxic nodular goiter, thyroiditis and excess iodine or thyroid hormone medication are other causes.",SyntheticMedQA-B,train
train-a096b683d4aa-0,What is the best treatment for chronic obstructive pulmonary disease?,"COPD treatment includes stopping smoking, long-acting bronchodilators (LAMA and LABA inhalers), pulmonary rehabilitation, vaccinations and oxygen therapy for people with low blood oxygen.",SyntheticMedQA-B,train
train-9d6defe9ee86-0,Why do people get urinary tract infection?,"Urinary tract infections are usually caused by bacteria, most often Escherichia coli from the bowel, entering the urethra. Female anatomy, sexual activity and urinary catheters raise the risk.",SyntheticMedQA-B,train
train-3c603b8fedd2-0,How can the flu be managed?,"Influenza is treated with rest, fluids and fever reducers. Antiviral drugs such as oseltamivir work best when started within 48 hours and are recommended for high-risk patients.",SyntheticMedQA-B,train
train-0722f821d807-0,Which medications are used for generalized anxiety disorder?,Generalized anxiety disorder is treated with cognitive behavioral therapy and medications such as SSRIs or SNRIs. Relaxation techniques and exercise also help.,SyntheticMedQA-B,train
train-941409a163f5-0,Why do people get major depressive disorder?,"Major depressive disorder arises from a combination of genetic vulnerability, brain chemistry, stressful life events, trauma, chronic illness and certain medications.",SyntheticMedQA-A,train
train-c653730672e3-0,Is there a way to avoid wear-and-tear arthritis?,"Osteoarthritis risk can be reduced by maintaining a healthy weight, staying active with low-impact exercise, strengthening muscles and avoiding joint injuries.",SyntheticMedQA-A,train
train-f499c684d20c-0,What causes generalized anxiety disorder?,"Generalized anxiety disorder is linked to genetics, differences in brain chemistry, personality traits and stressful or traumatic experiences.",SyntheticMedQA-B,train
train-204ccb6fdf8a-0,How is hypertension treated?,"Hypertension is treated with lifestyle changes such as reducing salt and alcohol, plus medicines including ACE inhibitors, angiotensin receptor blockers, calcium channel blockers and thiazide diuretics.",SyntheticMedQA-A,train
train-d7b44599879c-0,Can wear-and-tear arthritis be prevented?,"Osteoarthritis risk can be reduced by maintaining a healthy weight, staying active with low-impact exercise, strengthening muscles and avoiding joint injuries.",SyntheticMedQA-A,train
train-bffebcd3bef0-0,Which symptoms does iron-deficiency anemia cause?,"Iron-deficiency anemia causes fatigue, weakness, pale skin, shortness of breath on exertion, dizziness, cold hands and feet, brittle nails and sometimes cravings for ice.",SyntheticMedQA-A,train
train-8fac83933a98-0,What are the risk factors for COPD?,"COPD is mainly caused by long-term cigarette smoking. Occupational dust and chemicals, indoor smoke from cooking fuels and the genetic condition alpha-1 antitrypsin deficiency also contribute.",SyntheticMedQA-A,train
train-9c067620c142-0,How does someone develop brain attack?,"Most strokes are ischemic, caused by a clot blocking blood flow to the brain. Hemorrhagic strokes are caused by bleeding from a ruptured blood vessel. Hypertension and atrial fibrillation are major risk factors.",SyntheticMedQA-B,train
train-f775721d74de-0,What does the flu feel like?,"Influenza causes sudden fever, chills, muscle aches, headache, dry cough, sore throat and extreme tiredness. Most people recover in one to two weeks.",SyntheticMedQA-A,train
train-56754667c118-0,What should I know about COPD?,"COPD is a common medical condition. COPD is mainly caused by long-term cigarette smoking. Occupational dust and chemicals, indoor smoke from cooking fuels and the genetic condition alpha-1 antitrypsin deficiency also contribute. COPD causes a chronic cough with mucus, shortness of breath that worsens with activity, wheezing and frequent chest infections. Symptoms progress slowly over years. COPD is diagnosed by spirometry showing a post-bronchodilator FEV1/FVC ratio below 0.70 in a person with symptoms and risk factors. Chest imaging helps exclude other conditions. COPD treatment includes stopping smoking, long-acting bronchodilators (LAMA and LABA inhalers), pulmonary rehabilitation, vaccinations and oxygen therapy for people with low blood oxygen. The best way to prevent COPD is never to smoke or to quit smoking, and to reduce exposure to occupational dust, fumes and indoor air pollution. Living with COPD usually involves a long-term partnership with a healthcare team. Regular follow-up visits allow the treatment plan to be adjusted, side effects to be identified early and complications to be screened for. Patients are encouraged to keep a written record of their symptoms, medications and questions for each appointment, and to ask about reliable sources of education and local support groups. Family members can also benefit from learning about the condition. Any sudden worsening of symptoms should prompt urgent medical review rather than waiting for the next scheduled appointment.",SyntheticMedQA-B,train
train-4ae30337a5c1-0,How is generalized anxiety disorder diagnosed?,"Generalized anxiety disorder is diagnosed by a clinician using DSM-5 criteria, often supported by the GAD-7 questionnaire, after excluding medical causes such as hyperthyroidism.",SyntheticMedQA-A,train
train-fd5cf18589e4-0,How can type 1 diabetes be prevented?,"There is currently no proven way to prevent type 1 diabetes. Screening relatives for autoantibodies can identify people at high risk, and the drug teplizumab may delay onset in some of them.",SyntheticMedQA-B,train
train-bb14726a30df-0,Why do people get type 1 diabetes?,Type 1 diabetes is an autoimmune disease in which the immune system destroys the insulin-producing beta cells of the pancreas. Genetic susceptibility and possibly environmental triggers such as viral infections are thought to play a role.,SyntheticMedQA-A,train
train-58114a8ac94a-0,What are the treatments for osteoporosis?,"Osteoporosis is treated with bisphosphonates such as alendronate, denosumab or bone-building drugs like teriparatide, plus calcium, vitamin D and fall prevention.",SyntheticMedQA-B,train
train-bd071796d679-0,What is the best treatment for low iron?,"Iron-deficiency anemia is treated with oral iron supplements such as ferrous sulfate, or intravenous iron if tablets are not tolerated, while treating the source of blood loss.",SyntheticMedQA-A,train
train-cc9573230464-0,What are the risk factors for coronary artery disease?,"Coronary artery disease is caused by atherosclerosis, the buildup of cholesterol plaque in the heart's arteries. Smoking, high LDL cholesterol, hypertension and diabetes are major risk factors.",SyntheticMedQA-A,train
train-5952e6150972-0,How do doctors check for inflammatory joint disease?,"Rheumatoid arthritis is diagnosed from joint examination plus blood tests for rheumatoid factor, anti-CCP antibodies, ESR and CRP, and imaging to look for joint erosions.",SyntheticMedQA-A,train
train-1955c49855e0-0,What causes COPD?,"COPD is mainly caused by long-term cigarette smoking. Occupational dust and chemicals, indoor smoke from cooking fuels and the genetic condition alpha-1 antitrypsin deficiency also contribute.",SyntheticMedQA-A,train
train-dec49c8b35c5-0,What is the cause of brain attack?,"Most strokes are ischemic, caused by a clot blocking blood flow to the brain. Hemorrhagic strokes are caused by bleeding from a ruptured blood vessel. Hypertension and atrial fibrillation are major risk factors.",SyntheticMedQA-B,train
train-fd330e6a07e5-0,How does someone develop scaly skin plaques?,"Psoriasis is a chronic immune-mediated disease that speeds up the skin cell life cycle. Genetics plays a role and flares can be triggered by stress, infections, skin injury and some medications.",SyntheticMedQA-A,train
train-a6b22032b3e9-0,What are the treatments for type 1 diabetes?,"Type 1 diabetes is treated with lifelong insulin therapy delivered by multiple daily injections or an insulin pump, together with blood glucose monitoring, carbohydrate counting and regular exercise.",SyntheticMedQA-A,train
train-3ba3852e85f9-0,What is the cause of the flu?,"Influenza is caused by influenza A and B viruses that spread through respiratory droplets when infected people cough, sneeze or talk, and through contaminated surfaces.",SyntheticMedQA-A,train
train-083e48c586d8-0,What is the best treatment for the flu?,"Influenza is treated with rest, fluids and fever reducers. Antiviral drugs such as oseltamivir work best when started within 48 hours and are recommended for high-risk patients.",SyntheticMedQA-B,train
train-8b3e1413bf4e-0,How can clogged heart arteries be managed?,"Coronary artery disease is treated with lifestyle changes, statins, aspirin, beta blockers and nitrates, and with angioplasty and stenting or bypass surgery when arteries are severely narrowed.",SyntheticMedQA-A,train
train-b388c5a5c61a-0,How is migraine treated?,"Migraine attacks are treated with NSAIDs, triptans or gepants. Frequent migraines may need preventive therapy such as beta blockers, topiramate, amitriptyline or CGRP monoclonal antibodies.",SyntheticMedQA-B,train
train-d86d7c152b40-0,Can you give me an overview of asthma?,"""Asthma is a common medical condition. Asthma is caused by chronic inflammation and hyperresponsiveness of the airways. Genetics, allergies, early respiratory infections and exposure to tobacco smoke or pollution increase the risk. Asthma causes episodes of wheezing, shortness of breath, chest tightness and coughing, often worse at night or early morning and triggered by exercise, allergens or cold air. Asthma is diagnosed with a clinical history plus spirometry showing airflow obstruction that improves after a bronchodilator. Peak flow monitoring and FeNO testing can support the diagnosis. Asthma is managed with inhaled corticosteroids for long-term control and short-acting bronchodilators such as albuterol for quick relief, along with avoiding known triggers and having a written action plan. Asthma attacks can be prevented by taking controller medication as prescribed, avoiding triggers such as smoke and dust mites, getting the flu vaccine and monitoring peak flow. Living with asthma usually involves a long-term partnership with a healthcare team. Regular follow-up visits allow the treatment plan to be adjusted, side effects to be identified early and complications to be screened for. Patients are encouraged to keep a written record of their symptoms, medications and questions for each appointment, and to ask about reliable sources of education and local support groups. Family members can also benefit from learning about the condition. Any sudden worsening of symptoms should prompt urgent medical review rather than waiting for the next scheduled appointment. """,SyntheticMedQA-A,train
train-0636a8a99501-0,What does brain attack feel like?,"Stroke causes sudden face drooping, arm or leg weakness on one side, slurred speech, confusion, vision loss or a severe headache. Remember FAST: face, arms, speech, time to call emergency services.",SyntheticMedQA-B,train
train-fec2ba376ac9-0,Explain high blood pressure in detail.,"Hypertension is a common medical condition. Most hypertension is primary, linked to age, genetics, high salt intake, obesity, alcohol and inactivity. Secondary hypertension can be caused by kidney disease, sleep apnea, thyroid problems or some medications. Hypertension usually causes no symptoms, which is why it is called the silent killer. Very high readings can cause severe headache, chest pain, shortness of breath, nosebleeds or vision changes. Hypertension is diagnosed when repeated blood pressure readings are 130/80 mmHg or higher. Home or ambulatory monitoring helps confirm the diagnosis and rule out white-coat hypertension. Hypertension is treated with lifestyle changes such as reducing salt and alcohol, plus medicines including ACE inhibitors, angiotensin receptor blockers, calcium channel blockers and thiazide diuretics. Hypertension risk can be lowered by keeping a healthy weight, limiting sodium, following the DASH diet, exercising regularly, limiting alcohol and not smoking. Living with hypertension usually involves a long-term partnership with a healthcare team. Regular follow-up visits allow the treatment plan to be adjusted, side effects to be identified early and complications to be screened for. Patients are encouraged to keep a written record of their symptoms, medications and questions for each appointment, and to ask about reliable sources of education and local support groups. Family members can also benefit from learning about the condition. Any sudden worsening of symptoms should prompt urgent medical review rather than waiting for the next scheduled appointment.",SyntheticMedQA-B,train
train-d4b3b9b4c820-0,What tests are used to diagnose COPD?,COPD is diagnosed by spirometry showing a post-bronchodilator FEV1/FVC ratio below 0.70 in a person with symptoms and risk factors. Chest imaging helps exclude other conditions.,SyntheticMedQA-A,train
train-fa5d7100f1f7-0,How do I prevent coronary artery disease?,"Coronary artery disease can be prevented by not smoking, controlling blood pressure and cholesterol, managing diabetes, exercising regularly and eating a Mediterranean-style diet.",SyntheticMedQA-B,train
train-63114c2efb72-0,How do doctors check for wear-and-tear arthritis?,"Osteoarthritis is diagnosed from symptoms and examination, with X-rays showing joint space narrowing and bone spurs. Blood tests are used to rule out inflammatory arthritis.",SyntheticMedQA-A,train
train-825518900464-0,How do I prevent psoriasis?,"Psoriasis flares can be reduced by moisturizing the skin, managing stress, avoiding skin injury, limiting alcohol and not smoking.",SyntheticMedQA-B,train
train-80c96a8478e5-0,What tests are used to diagnose urinary tract infection?,A urinary tract infection is diagnosed with a urine dipstick test for nitrites and leukocytes and confirmed by a urine culture that identifies the bacteria.,SyntheticMedQA-B,train
train-e3fdf3397022-0,What reduces the risk of hypothyroidism?,"Most hypothyroidism cannot be prevented, but adequate dietary iodine prevents the iodine-deficiency form, & screening allows early treatment.",SyntheticMedQA-B,train
train-92dc7fdf2265-0,How do I prevent osteoporosis?,"Osteoporosis can be prevented with weight-bearing exercise, adequate calcium and vitamin D, avoiding smoking and excess alcohol, and screening women over 65.",SyntheticMedQA-A,train
train-6ee6802af058-0,How is type 2 diabetes diagnosed?,"Type 2 diabetes is diagnosed when HbA1c is 6.5% or higher, fasting plasma glucose is 126 mg/dL or higher, or a 2-hour oral glucose tolerance test reading is 200 mg/dL or higher.",SyntheticMedQA-B,train
train-0760e3ee705e-0,can inflammatory joint disease be prevented?,"Rheumatoid arthritis cannot be fully prevented, but not smoking lowers the risk and early treatment prevents permanent joint damage.",SyntheticMedQA-A,train
train-c62f219320ac-0,What are the symptoms of psoriasis?,"Psoriasis causes thick red patches of skin covered with silvery scales, commonly on the elbows, knees, scalp and lower back, which may itch or crack. Nail pitting is common.",SyntheticMedQA-B,train
train-7a7914b9ff9b-0,Which symptoms does generalized anxiety disorder cause?,"Generalized anxiety disorder causes excessive, hard-to-control worry on most days for at least six months, with restlessness, fatigue, irritability, muscle tension and trouble sleeping.",SyntheticMedQA-A,train
train-de02115043f0-0,What reduces the risk of coronary artery disease?,"Coronary artery disease can be prevented by not smoking, controlling blood pressure and cholesterol, managing diabetes, exercising regularly and eating a Mediterranean-style diet.",SyntheticMedQA-B,train
train-75bb53785edd-0,Which medications are used for hyperthyroidism?,"Hyperthyroidism is treated with antithyroid drugs such as methimazole, radioactive iodine therapy or thyroid surgery. Beta blockers control symptoms like palpitations.",SyntheticMedQA-A,train
train-0f1f11009452-0,How is osteoarthritis treated?,"Osteoarthritis is managed with exercise, weight loss, physical therapy, topical or oral NSAIDs & joint injections. Severe cases may need joint replacement surgery.",SyntheticMedQA-A,train
train-899fa2502750-0,How is iron-deficiency anemia diagnosed?,"Iron-deficiency anemia is diagnosed with a complete blood count showing low hemoglobin & small red cells, plus low serum ferritin. The underlying cause of iron loss should be investigated.",SyntheticMedQA-A,train
train-a52f3b770890-0,What tests are used to diagnose coronary artery disease?,"Coronary artery disease is diagnosed using an electrocardiogram, stress testing, coronary CT angiography and invasive coronary angiography.",SyntheticMedQA-A,train
train-f1a904524551-0,What is the best treatment for juvenile diabetes?,"Type 1 diabetes is treated with lifelong insulin therapy delivered by multiple daily injections or an insulin pump, together with blood glucose monitoring, carbohydrate counting and regular exercise.",SyntheticMedQA-A,train
train-d6a032f587b0-0,Can you give me an overview of COPD?,"COPD is a common medical condition. COPD is mainly caused by long-term cigarette smoking. Occupational dust and chemicals, indoor smoke from cooking fuels and the genetic condition alpha-1 antitrypsin deficiency also contribute. COPD causes a chronic cough with mucus, shortness of breath that worsens with activity, wheezing and frequent chest infections. Symptoms progress slowly over years. COPD is diagnosed by spirometry showing a post-bronchodilator FEV1/FVC ratio below 0.70 in a person with symptoms and risk factors. Chest imaging helps exclude other conditions. COPD treatment includes stopping smoking, long-acting bronchodilators (LAMA and LABA inhalers), pulmonary rehabilitation, vaccinations and oxygen therapy for people with low blood oxygen. The best way to prevent COPD is never to smoke or to quit smoking, and to reduce exposure to occupational dust, fumes and indoor air pollution. Living with COPD usually involves a long-term partnership with a healthcare team. Regular follow-up visits allow the treatment plan to be adjusted, side effects to be identified early and complications to be screened for. Patients are encouraged to keep a written record of their symptoms, medications and questions for each appointment, and to ask about reliable sources of education and local support groups. Family members can also benefit from learning about the condition. Any sudden worsening of symptoms should prompt urgent medical review rather than waiting for the next scheduled appointment.",SyntheticMedQA-B,train
train-077194510ba8-0,How do I prevent hyperthyroidism?,"Hyperthyroidism usually cannot be prevented, but avoiding excess iodine supplements and attending regular follow-up help detect relapse early.",SyntheticMedQA-A,train
train-9d2c14e389a3-0,How can type 1 diabetes be confirmed?,"Type 1 diabetes is diagnosed with blood glucose tests such as fasting plasma glucose, HbA1c or a random glucose above 200 mg/dL with symptoms. Autoantibody tests and C-peptide levels help distinguish it from type 2 diabetes.",SyntheticMedQA-A,train
train-b31ac99a0303-0,What tests are used to diagnose osteoporosis?,Osteoporosis is diagnosed with a DXA bone density scan; a T-score of -2.5 or lower confirms it. The FRAX tool estimates 10-year fracture risk.,SyntheticMedQA-B,train
train-b05323ace05f-0,What should I know about migraine?,"Migraine is a common medical condition.
Migraine is a neurological disorder involving activation of the trigeminovascular system. Common triggers include stress, hormonal changes, lack of sleep, skipped meals, alcohol and certain foods. Migraine causes moderate to severe throbbing headache, usually on one side, lasting 4 to 72 hours, with nausea and sensitivity to light and sound. Some people have a visual aura beforehand. Migraine is diagnosed clinically based on the pattern of headaches and associated symptoms. Brain imaging is only needed when there are red-flag features such as a sudden severe headache or neurological deficits. Migraine attacks are treated with NSAIDs, triptans or gepants. Frequent migraines may need preventive therapy such as beta blockers, topiramate, amitriptyline or CGRP monoclonal antibodies. Migraine frequency can be reduced by keeping a headache diary, regular sleep and meals, staying hydrated, managing stress and avoiding identified triggers. Living with migraine usually involves a long-term partnership with a healthcare team. Regular follow-up visits allow the treatment plan to be adjusted, side effects to be identified early and complications to be screened for. Patients are encouraged to keep a written record of their symptoms, medications and questions for each appointment, and to ask about reliable sources of education and local support groups. Family members can also benefit from learning about the condition. Any sudden worsening of symptoms should prompt urgent medical review rather than waiting for the next scheduled appointment.",SyntheticMedQA-B,train
train-4f0fe4a9cfc1-0,Why do people get type 2 diabetes?,"Type 2 diabetes results from insulin resistance combined with a gradual decline in insulin production. Excess body weight, physical inactivity, family history and older age increase the risk.",SyntheticMedQA-A,train
train-3382ae516385-0,How do doctors check for brain attack?,"Stroke is diagnosed urgently with a CT or MRI scan of the brain to distinguish a clot from bleeding, along with blood tests and an ECG to look for atrial fibrillation.",SyntheticMedQA-B,train
train-eb7ad6c8de65-0,Which symptoms does GERD cause?,"GERD causes heartburn, a burning feeling in the chest after meals, regurgitation of sour liquid, difficulty swallowing, chronic cough and hoarseness.",SyntheticMedQA-A,train
train-47916d0b08a8-0,Which symptoms does pneumonia cause?,"Pneumonia causes cough with phlegm, fever, chills, shortness of breath and sharp chest pain when breathing. Older adults may instead have confusion and a low body temperature.",SyntheticMedQA-A,train
train-80aea4665968-0,Which medications are used for kidney stones?,"Small kidney stones often pass with fluids, pain relief and tamsulosin. Larger stones may need shock wave lithotripsy, ureteroscopy or percutaneous nephrolithotomy.",SyntheticMedQA-A,train
train-0f558dbacd4d-0,Can renal calculi be prevented?,"Kidney stones can be prevented by drinking enough water to produce about 2.5 liters of urine a day, reducing salt and animal protein, and getting normal amounts of dietary calcium.",SyntheticMedQA-B,train
train-9c5a5f2ffc0a-0,Which medications are used for gout?,"Gout flares are treated with NSAIDs, colchicine or corticosteroids. Long-term urate-lowering therapy with allopurinol or febuxostat prevents further attacks.",SyntheticMedQA-B,train
train-4d1c0d83f050-0,How do doctors check for severe recurring headaches?,Migraine is diagnosed clinically based on the pattern of headaches and associated symptoms. Brain imaging is only needed when there are red-flag features such as a sudden severe headache or neurological deficits.,SyntheticMedQA-A,train
train-0461a0224ec0-0,What is the best treatment for constant worrying?,Generalized anxiety disorder is treated with cognitive behavioral therapy and medications such as SSRIs or SNRIs. Relaxation techniques and exercise also help.,SyntheticMedQA-B,train
train-71d020f82e1d-0,What are the treatments for migraine?,"Migraine attacks are treated with NSAIDs, triptans or gepants. Frequent migraines may need preventive therapy such as beta blockers, topiramate, amitriptyline or CGRP monoclonal antibodies.",SyntheticMedQA-B,train
train-4e1b585ce4cb-0,What are the signs of influenza?,"Influenza causes sudden fever, chills, muscle aches, headache, dry cough, sore throat and extreme tiredness. Most people recover in one to two weeks.",SyntheticMedQA-A,train
train-e69409312b5e-0,what are the symptoms of kidney stones?,"Kidney stones cause severe sharp pain in the side and back that may spread to the lower abdomen and groin, blood in the urine, nausea, vomiting and frequent painful urination.",SyntheticMedQA-A,train
train-3ad89a5e494c-0,How is urinary tract infection diagnosed?,A urinary tract infection is diagnosed with a urine dipstick test for nitrites and leukocytes and confirmed by a urine culture that identifies the bacteria.,SyntheticMedQA-B,train
train-8bbf9824385e-0,What are the symptoms of type 1 diabetes?,"Type 1 diabetes often causes increased thirst, frequent urination, unexplained weight loss, extreme hunger, fatigue and blurred vision. Symptoms can develop quickly over a few weeks, and some people first present with diabetic ketoacidosis.",SyntheticMedQA-A,train
train-1e2cf8f7b8db-0,How can overactive thyroid be managed?,"Hyperthyroidism is treated with antithyroid drugs such as methimazole, radioactive iodine therapy or thyroid surgery. Beta blockers control symptoms like palpitations.",SyntheticMedQA-A,train
train-e0617a1aa364-0,How is stroke diagnosed?,"""Stroke is diagnosed urgently with a CT or MRI scan of the brain to distinguish a clot from bleeding, along with blood tests and an ECG to look for atrial fibrillation.""",SyntheticMedQA-B,train
train-e4747a7f155b-0,Why do people get osteoarthritis?,"Osteoarthritis develops as the cartilage cushioning the joints breaks down over time. Age, obesity, joint injury, repetitive stress and genetics increase the risk.",SyntheticMedQA-B,train
train-fb4dba831fc2-0,What is the best treatment for high blood pressure?,"""Hypertension is treated with lifestyle changes such as reducing salt and alcohol, plus medicines including ACE inhibitors, angiotensin receptor blockers, calcium channel blockers and thiazide diuretics.""",SyntheticMedQA-A,train
train-8daba608e1d1-0,What should I know about type 2 diabetes?,"Type 2 diabetes is a common medical condition. Type 2 diabetes results from insulin resistance combined with a gradual decline in insulin production. Excess body weight, physical inactivity, family history and older age increase the risk. Type 2 diabetes develops slowly and may cause increased thirst, frequent urination, tiredness, slow-healing sores, frequent infections and tingling in the hands or feet. Many people have no symptoms for years. Type 2 diabetes is diagnosed when HbA1c is 6.5% or higher, fasting plasma glucose is 126 mg/dL or higher, or a 2-hour oral glucose tolerance test reading is 200 mg/dL or higher. Type 2 diabetes treatment starts with healthy eating, weight loss and physical activity, usually with metformin. Other options include SGLT2 inhibitors, GLP-1 receptor agonists and insulin. Type 2 diabetes can often be prevented or delayed by losing 5 to 7 percent of body weight, exercising about 150 minutes per week and choosing a diet rich in fiber and low in refined sugar. Living with type 2 diabetes usually involves a long-term partnership with a healthcare team. Regular follow-up visits allow the treatment plan to be adjusted, side effects to be identified early and complications to be screened for. Patients are encouraged to keep a written record of their symptoms, medications and questions for each appointment, and to ask about reliable sources of education and local support groups. Family members can also benefit from learning about the condition. Any sudden worsening of symptoms should prompt urgent medical review rather than waiting for the next scheduled appointment.",SyntheticMedQA-B,train
train-b74d1903b62a-0,How is hyperthyroidism treated?,"Hyperthyroidism is treated with antithyroid drugs such as methimazole, radioactive iodine therapy or thyroid surgery. Beta blockers control symptoms like palpitations.",SyntheticMedQA-A,train
train-4a4007a967b8-0,How can COPD be prevented?,"The best way to prevent COPD is never to smoke or to quit smoking, and to reduce exposure to occupational dust, fumes and indoor air pollution.",SyntheticMedQA-B,train
train-ab01caad9df0-0,How is urinary tract infection treated?,"Uncomplicated urinary tract infections are treated with a short course of antibiotics such as nitrofurantoin or trimethoprim-sulfamethoxazole, plus fluids.",SyntheticMedQA-B,train
train-17e101a38160-0,Can lung infection be prevented?,"Pneumonia can be prevented with pneumococcal and influenza vaccines, hand washing, not smoking and good management of chronic illnesses.",SyntheticMedQA-A,train
train-8528c71b00df-0,How can chronic obstructive pulmonary disease be managed?,"COPD treatment includes stopping smoking, long-acting bronchodilators (LAMA and LABA inhalers), pulmonary rehabilitation, vaccinations and oxygen therapy for people with low blood oxygen.",SyntheticMedQA-B,train
train-3922fddf3524-0,How do I know if I have severe recurring headaches?,"Migraine causes moderate to severe throbbing headache, usually on one side, lasting 4 to 72 hours, with nausea and sensitivity to light and sound. Some people have a visual aura beforehand.",SyntheticMedQA-A,train
train-8781845189aa-0,What is the best treatment for gluten intolerance?,"The only treatment for celiac disease is a strict lifelong gluten-free diet, which allows the intestine to heal. Nutritional deficiencies such as iron and vitamin D are corrected.",SyntheticMedQA-A,train
train-06b2a94d512f-0,What does clinical depression feel like?,"Major depressive disorder causes persistent sadness or loss of interest for at least two weeks, with changes in sleep and appetite, low energy, poor concentration, feelings of worthlessness and sometimes thoughts of death.",SyntheticMedQA-B,train
train-c89e1ce53ee2-0,What are the signs of GERD?,"GERD causes heartburn, a burning feeling in the chest after meals, regurgitation of sour liquid, difficulty swallowing, chronic cough and hoarseness.",SyntheticMedQA-A,train
train-e24638571185-0,Which symptoms does COPD cause?,"COPD causes a chronic cough with mucus, shortness of breath that worsens with activity, wheezing and frequent chest infections. Symptoms progress slowly over years.",SyntheticMedQA-A,train
train-066042361a69-0,How do I know if I have scaly skin plaques?,"Psoriasis causes thick red patches of skin covered with silvery scales, commonly on the elbows, knees, scalp and lower back, which may itch or crack. Nail pitting is common.",SyntheticMedQA-B,train
train-e441b6d31e78-0,What is the best treatment for lung infection?,"Bacterial pneumonia is treated with antibiotics such as amoxicillin or a macrolide. Rest, fluids and fever control help recovery, and severe cases need hospital care and oxygen.",SyntheticMedQA-B,train
train-ba0dd14bced7-0,What tests are used to diagnose hypertension?,Hypertension is diagnosed when repeated blood pressure readings are 130/80 mmHg or higher. Home or ambulatory monitoring helps confirm the diagnosis and rule out white-coat hypertension.,SyntheticMedQA-A,train
train-5f6241626f92-0,Which symptoms does stroke cause?,"Stroke causes sudden face drooping, arm or leg weakness on one side, slurred speech, confusion, vision loss or a severe headache. Remember FAST: face, arms, speech, time to call emergency services.",SyntheticMedQA-B,train
train-72282263d78c-0,Can constant worrying be prevented?,"Anxiety symptoms can be reduced by regular physical activity, limiting caffeine and alcohol, good sleep habits, stress management and seeking help early.",SyntheticMedQA-A,train
train-f3e832b3a821-0,Which medications are used for stroke?,Ischemic stroke is treated with clot-busting thrombolysis within 4.5 hours or mechanical thrombectomy. Hemorrhagic stroke management focuses on controlling bleeding & blood pressure.,SyntheticMedQA-B,train
train-334085d67df8-0,Is there a way to avoid adult-onset diabetes?,"Type 2 diabetes can often be prevented or delayed by losing 5 to 7 percent of body weight, exercising about 150 minutes per week and choosing a diet rich in fiber and low in refined sugar.",SyntheticMedQA-B,train
train-82e7d6f16dee-0,What does uric acid arthritis feel like?,"Gout causes sudden attacks of intense pain, redness, warmth and swelling in a joint, most often the base of the big toe, frequently starting at night.",SyntheticMedQA-A,train
train-9d1d10efd342-0,What are the signs of COPD?,"COPD causes a chronic cough with mucus, shortness of breath that worsens with activity, wheezing and frequent chest infections. Symptoms progress slowly over years.",SyntheticMedQA-A,train
train-aa7da9585a41-0,Is there a way to avoid bladder infection?,"Urinary tract infections can be prevented by drinking plenty of fluids, urinating after intercourse, wiping front to back and avoiding irritating feminine products.",SyntheticMedQA-A,train
train-d0005867d8b3-0,Can you give me an overview of type 2 diabetes?,"Type 2 diabetes is a common medical condition. Type 2 diabetes results from insulin resistance combined with a gradual decline in insulin production. Excess body weight, physical inactivity, family history and older age increase the risk. Type 2 diabetes develops slowly and may cause increased thirst, frequent urination, tiredness, slow-healing sores, frequent infections and tingling in the hands or feet. Many people have no symptoms for years. Type 2 diabetes is diagnosed when HbA1c is 6.5% or higher, fasting plasma glucose is 126 mg/dL or higher, or a 2-hour oral glucose tolerance test reading is 200 mg/dL or higher. Type 2 diabetes treatment starts with healthy eating, weight loss and physical activity, usually with metformin. Other options include SGLT2 inhibitors, GLP-1 receptor agonists and insulin. Type 2 diabetes can often be prevented or delayed by losing 5 to 7 percent of body weight, exercising about 150 minutes per week and choosing a diet rich in fiber and low in refined sugar. Living with type 2 diabetes usually involves a long-term partnership with a healthcare team. Regular follow-up visits allow the treatment plan to be adjusted, side effects to be identified early and complications to be screened for. Patients are encouraged to keep a written record of their symptoms, medications and questions for each appointment, and to ask about reliable sources of education and local support groups. Family members can also benefit from learning about the condition. Any sudden worsening of symptoms should prompt urgent medical review rather than waiting for the next scheduled appointment.",SyntheticMedQA-B,train
train-972a529880fc-0,What is the best treatment for inflammatory joint disease?,"Rheumatoid arthritis is treated early with disease-modifying drugs such as methotrexate, plus biologics like TNF inhibitors when needed, and short courses of steroids for flares.",SyntheticMedQA-B,train
train-5a9736c72234-0,How is rheumatoid arthritis treated?,"Rheumatoid arthritis is treated early with disease-modifying drugs such as methotrexate, plus biologics like TNF inhibitors when needed, and short courses of steroids for flares.",SyntheticMedQA-B,train
train-695bfdded1a6-0,What is the cause of wear-and-tear arthritis?,"Osteoarthritis develops as the cartilage cushioning the joints breaks down over time.
Age, obesity, joint injury, repetitive stress and genetics increase the risk.",SyntheticMedQA-B,train
train-155e3df2c4e1-0,What is the cause of renal calculi?,"Kidney stones form when urine contains more crystal-forming substances such as calcium oxalate or uric acid than the fluid can dilute. Dehydration, diet and some medical conditions contribute.",SyntheticMedQA-A,train
train-c07f65759e63-0,Which test shows if I have overactive thyroid?,Hyperthyroidism is diagnosed with a low TSH and high free T4 or T3. Thyroid antibodies and a radioactive iodine uptake scan help identify the cause.,SyntheticMedQA-A,train
train-063f141a0b8e-0,HOW DOES SOMEONE DEVELOP BRITTLE BONES?,"Osteoporosis occurs when bone loss outpaces new bone formation. Menopause, aging, low calcium and vitamin D, steroid use, smoking and low body weight increase the risk.",SyntheticMedQA-A,train
train-07915fcbf997-0,WHAT REDUCES THE RISK OF IRON-DEFICIENCY ANEMIA?,"Iron-deficiency anemia can be prevented by eating iron-rich foods such as red meat, beans and leafy greens with vitamin C, and by iron supplementation during pregnancy when advised.",SyntheticMedQA-A,train
train-8ac6d422ea0c-0,What are the signs of asthma?,"Asthma causes episodes of wheezing, shortness of breath, chest tightness and coughing, often worse at night or early morning and triggered by exercise, allergens or cold air.",SyntheticMedQA-B,train
train-249c5ff7f152-0,Which test shows if I have wear-and-tear arthritis?,"Osteoarthritis is diagnosed from symptoms and examination, with X-rays showing joint space narrowing and bone spurs. Blood tests are used to rule out inflammatory arthritis.",SyntheticMedQA-A,train
train-536d7c6dbc6c-0,What is the cause of lung infection?,"Pneumonia is an infection of the air sacs of the lungs, most often caused by bacteria such as Streptococcus pneumoniae, viruses such as influenza & RSV, or less commonly fungi.",SyntheticMedQA-A,train
train-775fbe920b0f-0,What does constant worrying feel like?,"Generalized anxiety disorder causes excessive, hard-to-control worry on most days for at least six months, with restlessness, fatigue, irritability, muscle tension and trouble sleeping.",SyntheticMedQA-A,train
train-f74541e278b2-0,How does someone develop chronic obstructive pulmonary disease?,"COPD is mainly caused by long-term cigarette smoking. Occupational dust and chemicals, indoor smoke from cooking fuels and the genetic condition alpha-1 antitrypsin deficiency also contribute.",SyntheticMedQA-A,train
train-7d9bb2b0b214-0,How do I know if I have uric acid arthritis?,"Gout causes sudden attacks of intense pain, redness, warmth and swelling in a joint, most often the base of the big toe, frequently starting at night.",SyntheticMedQA-A,train
train-7fa21918314b-0,Why do people get asthma?,"Asthma is caused by chronic inflammation and hyperresponsiveness of the airways. Genetics, allergies, early respiratory infections and exposure to tobacco smoke or pollution increase the risk.",SyntheticMedQA-B,train
train-d3a0b14129c7-0,What are the symptoms of hyperthyroidism?,"Hyperthyroidism causes weight loss despite good appetite, rapid or irregular heartbeat, anxiety, tremor, sweating, heat intolerance and frequent bowel movements.",SyntheticMedQA-B,train
train-3244a923ab3a-0,What are the symptoms of generalized anxiety disorder?,"Generalized anxiety disorder causes excessive, hard-to-control worry on most days for at least six months, with restlessness, fatigue, irritability, muscle tension and trouble sleeping.",SyntheticMedQA-A,train
train-5998ba22774a-0,How is osteoporosis diagnosed?,"""Osteoporosis is diagnosed with a DXA bone density scan; a T-score of -2.5 or lower confirms it. The FRAX tool estimates 10-year fracture risk.""",SyntheticMedQA-B,train
train-ea105607f85b-0,Can severe recurring headaches be prevented?,"Migraine frequency can be reduced by keeping a headache diary, regular sleep and meals, staying hydrated, managing stress and avoiding identified triggers.",SyntheticMedQA-B,train
train-8cadf18e59ce-0,What is the cause of overactive thyroid?,"Hyperthyroidism is most commonly caused by Graves' disease. Toxic nodular goiter, thyroiditis and excess iodine or thyroid hormone medication are other causes.",SyntheticMedQA-B,train
train-2915ce4420c3-0,What are the risk factors for psoriasis?,"Psoriasis is a chronic immune-mediated disease that speeds up the skin cell life cycle. Genetics plays a role and flares can be triggered by stress, infections, skin injury and some medications.",SyntheticMedQA-A,train
train-265aa7b94007-0,What is the cause of inflammatory joint disease?,"Rheumatoid arthritis is an autoimmune disease in which the immune system attacks the synovium lining the joints. Genetic factors, smoking and female sex increase the risk.",SyntheticMedQA-A,train
train-881a795a1295-0,Is there a way to avoid brittle bones?,"Osteoporosis can be prevented with weight-bearing exercise, adequate calcium and vitamin D, avoiding smoking and excess alcohol, and screening women over 65.",SyntheticMedQA-A,train
train-c70a8b6016c1-0,Why do people get gout?,"Gout is caused by high levels of uric acid in the blood that form urate crystals in joints. Red meat, seafood, alcohol, sugary drinks, obesity and diuretics increase the risk.",SyntheticMedQA-B,train
train-1d8d1b6f0268-0,How can brain attack be managed?,Ischemic stroke is treated with clot-busting thrombolysis within 4.5 hours or mechanical thrombectomy. Hemorrhagic stroke management focuses on controlling bleeding and blood pressure.,SyntheticMedQA-B,train
train-0e95074161b6-0,How does someone develop clinical depression?,"Major depressive disorder arises from a combination of genetic vulnerability, brain chemistry, stressful life events, trauma, chronic illness and certain medications.",SyntheticMedQA-A,train
train-d2d78d7397ed-0,How is celiac disease diagnosed?,"Celiac disease is diagnosed with a tissue transglutaminase IgA blood test while still eating gluten, followed by a small bowel biopsy showing villous atrophy.",SyntheticMedQA-A,train
train-d59d131ffb9d-0,How does someone develop varicella?,"Chickenpox is caused by the varicella-zoster virus, which spreads easily through the air and by contact with blister fluid. The same virus can later reactivate as shingles.",SyntheticMedQA-A,train
train-576b15fdac54-0,How can varicella be managed?,"Chickenpox is treated with rest, fluids, calamine lotion and antihistamines for itching, and paracetamol for fever. Aciclovir is used for adults and high-risk patients. Aspirin should be avoided in children.",SyntheticMedQA-B,train
train-932cac3cf153-0,Which medications are used for osteoarthritis?,"Osteoarthritis is managed with exercise, weight loss, physical therapy, topical or oral NSAIDs and joint injections. Severe cases may need joint replacement surgery.",SyntheticMedQA-A,train
train-b145337613f5-0,What tests are used to diagnose pneumonia?,"Pneumonia is diagnosed by physical examination and a chest X-ray showing infiltrates. Blood tests, pulse oximetry and sputum cultures help judge severity and identify the organism.",SyntheticMedQA-A,train
train-f6cb1a092ada-0,What reduces the risk of generalized anxiety disorder?,"Anxiety symptoms can be reduced by regular physical activity, limiting caffeine and alcohol, good sleep habits, stress management and seeking help early.",SyntheticMedQA-A,train
train-4e106ec91268-0,What causes type 2 diabetes?,"Type 2 diabetes results from insulin resistance combined with a gradual decline in insulin production. Excess body weight, physical inactivity, family history and older age increase the risk.",SyntheticMedQA-A,train
train-56335aea8f3a-0,What causes GERD?,"GERD occurs when the lower esophageal sphincter relaxes abnormally and stomach acid flows back into the esophagus. Obesity, hiatal hernia, pregnancy, smoking and large late meals contribute.",SyntheticMedQA-B,train
train-03352d9ba32a-0,How do I prevent GERD?,"GERD symptoms can be prevented by losing excess weight, eating smaller meals, avoiding lying down within 3 hours of eating, raising the head of the bed and limiting trigger foods.",SyntheticMedQA-B,train
train-b4203055f091-0,Why do people get kidney stones?,"Kidney stones form when urine contains more crystal-forming substances such as calcium oxalate or uric acid than the fluid can dilute. Dehydration, diet and some medical conditions contribute.",SyntheticMedQA-A,train
train-10f155213a55-0,How can iron-deficiency anemia be prevented?,"Iron-deficiency anemia can be prevented by eating iron-rich foods such as red meat, beans and leafy greens with vitamin C, and by iron supplementation during pregnancy when advised.",SyntheticMedQA-A,train
train-bb6b79f20eed-0,What does overactive thyroid feel like?,"Hyperthyroidism causes weight loss despite good appetite, rapid or irregular heartbeat, anxiety, tremor, sweating, heat intolerance and frequent bowel movements.",SyntheticMedQA-B,train
train-23353c4a7c30-0,What reduces the risk of gout?,"Gout attacks can be prevented by limiting alcohol, red meat and sugary drinks, staying hydrated, losing weight and taking urate-lowering medication when prescribed.",SyntheticMedQA-B,train
train-a2c402b83dff-0,What reduces the risk of type 1 diabetes?,"There is currently no proven way to prevent type 1 diabetes. Screening relatives for autoantibodies can identify people at high risk, and the drug teplizumab may delay onset in some of them.",SyntheticMedQA-B,train
train-9f45511bda44-0,Which medications are used for COPD?,"COPD treatment includes stopping smoking, long-acting bronchodilators (LAMA and LABA inhalers), pulmonary rehabilitation, vaccinations and oxygen therapy for people with low blood oxygen.",SyntheticMedQA-B,train
train-8d807b6521a1-0,What is the cause of gluten intolerance?,"Celiac disease is an autoimmune reaction to gluten, a protein in wheat, barley and rye, that damages the lining of the small intestine in genetically susceptible people with HLA-DQ2 or DQ8.",SyntheticMedQA-A,train
train-79b88b7749c9-0,How can osteoporosis be confirmed?,Osteoporosis is diagnosed with a DXA bone density scan; a T-score of -2.5 or lower confirms it. The FRAX tool estimates 10-year fracture risk.,SyntheticMedQA-B,train
train-329880721d6d-0,How can acid reflux be managed?,"GERD is treated with lifestyle changes, antacids, H2 blockers and proton pump inhibitors such as omeprazole. Surgery such as fundoplication is an option for refractory cases.",SyntheticMedQA-A,train
train-2738874b6f95-0,how is influenza treated?,"Influenza is treated with rest, fluids and fever reducers.
Antiviral drugs such as oseltamivir work best when started within 48 hours and are recommended for high-risk patients.",SyntheticMedQA-B,train
train-bd720d4df105-0,HOW CAN ASTHMA BE CONFIRMED?,Asthma is diagnosed with a clinical history plus spirometry showing airflow obstruction that improves after a bronchodilator. Peak flow monitoring and FeNO testing can support the diagnosis.,SyntheticMedQA-A,train
train-a006a0d64616-0,What reduces the risk of type 2 diabetes?,"Type 2 diabetes can often be prevented or delayed by losing 5 to 7 percent of body weight, exercising about 150 minutes per week and choosing a diet rich in fiber and low in refined sugar.",SyntheticMedQA-B,train
train-5f79d39e199e-0,Why do people get iron-deficiency anemia?,"Iron-deficiency anemia results from blood loss such as heavy periods or gastrointestinal bleeding, low dietary iron, poor absorption as in celiac disease, or increased needs during pregnancy.",SyntheticMedQA-B,train
train-7c7dd945506a-0,Can you give me an overview of migraine?,"Migraine is a common medical condition. Migraine is a neurological disorder involving activation of the trigeminovascular system. Common triggers include stress, hormonal changes, lack of sleep, skipped meals, alcohol & certain foods. Migraine causes moderate to severe throbbing headache, usually on one side, lasting 4 to 72 hours, with nausea and sensitivity to light and sound. Some people have a visual aura beforehand. Migraine is diagnosed clinically based on the pattern of headaches and associated symptoms. Brain imaging is only needed when there are red-flag features such as a sudden severe headache or neurological deficits. Migraine attacks are treated with NSAIDs, triptans or gepants. Frequent migraines may need preventive therapy such as beta blockers, topiramate, amitriptyline or CGRP monoclonal antibodies. Migraine frequency can be reduced by keeping a headache diary, regular sleep and meals, staying hydrated, managing stress and avoiding identified triggers. Living with migraine usually involves a long-term partnership with a healthcare team. Regular follow-up visits allow the treatment plan to be adjusted, side effects to be identified early and complications to be screened for. Patients are encouraged to keep a written record of their symptoms, medications and questions for each appointment, and to ask about reliable sources of education and local support groups. Family members can also benefit from learning about the condition. Any sudden worsening of symptoms should prompt urgent medical review rather than waiting for the next scheduled appointment.",SyntheticMedQA-B,train
train-9ac6ca6ba8e3-0,What are the symptoms of migraine?,"Migraine causes moderate to severe throbbing headache, usually on one side, lasting 4 to 72 hours, with nausea and sensitivity to light and sound. Some people have a visual aura beforehand.",SyntheticMedQA-A,train
train-0ce65cb0dd92-0,Which test shows if I have lung infection?,"Pneumonia is diagnosed by physical examination and a chest X-ray showing infiltrates.
Blood tests, pulse oximetry and sputum cultures help judge severity and identify the organism.",SyntheticMedQA-A,train
train-ebdd98edcdc5-0,What are the risk factors for osteoporosis?,"Osteoporosis occurs when bone loss outpaces new bone formation. Menopause, aging, low calcium and vitamin D, steroid use, smoking and low body weight increase the risk.",SyntheticMedQA-A,train
train-fc51cbb9cadc-0,What are the symptoms of osteoarthritis?,"Osteoarthritis causes joint pain that worsens with use, stiffness after rest, reduced range of motion, swelling and a grating sensation, commonly in the knees, hips and hands.",SyntheticMedQA-B,train
train-785e1cf10bc1-0,How can hypothyroidism be confirmed?,Hypothyroidism is diagnosed with blood tests showing a high TSH & low free T4. Thyroid peroxidase antibodies suggest Hashimoto's thyroiditis.,SyntheticMedQA-B,train
train-e429dcf52464-0,What does high blood pressure feel like?,"Hypertension usually causes no symptoms, which is why it is called the silent killer. Very high readings can cause severe headache, chest pain, shortness of breath, nosebleeds or vision changes.",SyntheticMedQA-A,train
train-af142cdb776a-0,What tests are used to diagnose gout?,Gout is confirmed by finding urate crystals in joint fluid drawn with a needle. Serum uric acid levels and dual-energy CT or ultrasound support the diagnosis.,SyntheticMedQA-B,train
train-4573a876de59-0,Why do people get celiac disease?,"Celiac disease is an autoimmune reaction to gluten, a protein in wheat, barley and rye, that damages the lining of the small intestine in genetically susceptible people with HLA-DQ2 or DQ8.",SyntheticMedQA-A,train
train-d33945f81d7c-0,Which symptoms does hyperthyroidism cause?,"Hyperthyroidism causes weight loss despite good appetite, rapid or irregular heartbeat, anxiety, tremor, sweating, heat intolerance and frequent bowel movements.",SyntheticMedQA-B,train
train-f0524a83aaa9-0,How is hypothyroidism treated?,"Hypothyroidism is treated with daily levothyroxine, a synthetic thyroid hormone, with the dose adjusted according to TSH levels checked every 6 to 8 weeks.",SyntheticMedQA-B,train
train-dd9b78330dcb-0,What causes coronary artery disease?,"Coronary artery disease is caused by atherosclerosis, the buildup of cholesterol plaque in the heart's arteries. Smoking, high LDL cholesterol, hypertension and diabetes are major risk factors.",SyntheticMedQA-A,train
train-b58c0264dccd-0,How do doctors check for scaly skin plaques?,"Psoriasis is usually diagnosed by examining the skin, scalp and nails. A skin biopsy is occasionally done to rule out other conditions.",SyntheticMedQA-A,train
train-a2d612a18447-0,What is the cause of juvenile diabetes?,Type 1 diabetes is an autoimmune disease in which the immune system destroys the insulin-producing beta cells of the pancreas. Genetic susceptibility and possibly environmental triggers such as viral infections are thought to play a role.,SyntheticMedQA-A,train
train-fc2e51e633cc-0,How is asthma diagnosed?,Asthma is diagnosed with a clinical history plus spirometry showing airflow obstruction that improves after a bronchodilator. Peak flow monitoring and FeNO testing can support the diagnosis.,SyntheticMedQA-A,train
train-c6b448e2525e-0,How do I prevent generalized anxiety disorder?,"Anxiety symptoms can be reduced by regular physical activity, limiting caffeine and alcohol, good sleep habits, stress management and seeking help early.",SyntheticMedQA-A,train
train-604c0c117829-0,What causes stroke?,"Most strokes are ischemic, caused by a clot blocking blood flow to the brain. Hemorrhagic strokes are caused by bleeding from a ruptured blood vessel. Hypertension and atrial fibrillation are major risk factors.",SyntheticMedQA-B,train
train-04e2170b355e-0,How can scaly skin plaques be managed?,"Psoriasis is treated with topical corticosteroids and vitamin D analogues, phototherapy, and for moderate to severe disease, methotrexate or biologic drugs targeting IL-17 or IL-23.",SyntheticMedQA-B,train
train-15f7a5b92bd3-0,What causes hyperthyroidism?,"Hyperthyroidism is most commonly caused by Graves' disease. Toxic nodular goiter, thyroiditis and excess iodine or thyroid hormone medication are other causes.",SyntheticMedQA-B,train
train-932e68b63aea-0,What reduces the risk of urinary tract infection?,"Urinary tract infections can be prevented by drinking plenty of fluids, urinating after intercourse, wiping front to back and avoiding irritating feminine products.",SyntheticMedQA-A,train
train-4583154513a2-0,How can influenza be confirmed?,Influenza is usually diagnosed from symptoms during flu season. Rapid antigen tests or PCR on a nasal swab confirm the infection.,SyntheticMedQA-A,train
train-392b0ea67faf-0,How can bladder infection be managed?,"Uncomplicated urinary tract infections are treated with a short course of antibiotics such as nitrofurantoin or trimethoprim-sulfamethoxazole, plus fluids.",SyntheticMedQA-B,train
train-82e2ccd97f40-0,How do I prevent osteoarthritis?,"Osteoarthritis risk can be reduced by maintaining a healthy weight, staying active with low-impact exercise, strengthening muscles and avoiding joint injuries.",SyntheticMedQA-A,train
train-62737771d33b-0,Which test shows if I have renal calculi?,"Kidney stones are diagnosed with a non-contrast CT scan or ultrasound, together with urine tests for blood and infection and blood tests for kidney function and calcium.",SyntheticMedQA-A,train
train-4b76bbcd5f19-0,How does someone develop underactive thyroid?,"Hypothyroidism is most often caused by Hashimoto's thyroiditis, an autoimmune condition. Other causes include thyroid surgery, radioactive iodine treatment and iodine deficiency.",SyntheticMedQA-A,train
train-7f998ec8fd77-0,What reduces the risk of stroke?,"Stroke can be prevented by controlling blood pressure, treating atrial fibrillation with anticoagulants, not smoking, managing cholesterol and diabetes and staying active.",SyntheticMedQA-B,train
train-1a606ceba636-0,Why do people get chickenpox?,"Chickenpox is caused by the varicella-zoster virus, which spreads easily through the air and by contact with blister fluid. The same virus can later reactivate as shingles.",SyntheticMedQA-A,train
train-75410390bf5e-0,What are the risk factors for chickenpox?,"Chickenpox is caused by the varicella-zoster virus, which spreads easily through the air and by contact with blister fluid. The same virus can later reactivate as shingles.",SyntheticMedQA-A,train
train-3283ff340995-0,How do doctors check for overactive thyroid?,Hyperthyroidism is diagnosed with a low TSH and high free T4 or T3. Thyroid antibodies and a radioactive iodine uptake scan help identify the cause.,SyntheticMedQA-A,train
train-2fa868861ae4-0,What are the treatments for coronary artery disease?,"Coronary artery disease is treated with lifestyle changes, statins, aspirin, beta blockers & nitrates, and with angioplasty and stenting or bypass surgery when arteries are severely narrowed.",SyntheticMedQA-A,train
train-cfd782aa87c0-0,How is iron-deficiency anemia treated?,"Iron-deficiency anemia is treated with oral iron supplements such as ferrous sulfate, or intravenous iron if tablets are not tolerated, while treating the source of blood loss.",SyntheticMedQA-A,train
train-90ee9c6adcb8-0,Which test shows if I have clogged heart arteries?,"Coronary artery disease is diagnosed using an electrocardiogram, stress testing, coronary CT angiography and invasive coronary angiography.",SyntheticMedQA-A,train
train-2e37d68a3c4d-0,How can migraine be prevented?,"Migraine frequency can be reduced by keeping a headache diary, regular sleep and meals, staying hydrated, managing stress and avoiding identified triggers.",SyntheticMedQA-B,train
train-53d62ff439e8-0,Which test shows if I have chronic obstructive pulmonary disease?,COPD is diagnosed by spirometry showing a post-bronchodilator FEV1/FVC ratio below 0.70 in a person with symptoms and risk factors. Chest imaging helps exclude other conditions.,SyntheticMedQA-A,train
train-e4cff3037aee-0,Can you give me an overview of type 1 diabetes?,"""Type 1 diabetes is a common medical condition. Type 1 diabetes is an autoimmune disease in which the immune system destroys the insulin-producing beta cells of the pancreas. Genetic susceptibility & possibly environmental triggers such as viral infections are thought to play a role. Type 1 diabetes often causes increased thirst, frequent urination, unexplained weight loss, extreme hunger, fatigue and blurred vision. Symptoms can develop quickly over a few weeks, and some people first present with diabetic ketoacidosis. Type 1 diabetes is diagnosed with blood glucose tests such as fasting plasma glucose, HbA1c or a random glucose above 200 mg/dL with symptoms. Autoantibody tests and C-peptide levels help distinguish it from type 2 diabetes. Type 1 diabetes is treated with lifelong insulin therapy delivered by multiple daily injections or an insulin pump, together with blood glucose monitoring, carbohydrate counting and regular exercise. There is currently no proven way to prevent type 1 diabetes. Screening relatives for autoantibodies can identify people at high risk, and the drug teplizumab may delay onset in some of them. Living with type 1 diabetes usually involves a long-term partnership with a healthcare team. Regular follow-up visits allow the treatment plan to be adjusted, side effects to be identified early and complications to be screened for. Patients are encouraged to keep a written record of their symptoms, medications and questions for each appointment, and to ask about reliable sources of education and local support groups. Family members can also benefit from learning about the condition. Any sudden worsening of symptoms should prompt urgent medical review rather than waiting for the next scheduled appointment.""",SyntheticMedQA-A,train
train-443ac640194e-0,What are the symptoms of gout?,"""Gout causes sudden attacks of intense pain, redness, warmth and swelling in a joint, most often the base of the big toe, frequently starting at night.""",SyntheticMedQA-A,train
train-64618098f757-0,How does someone develop juvenile diabetes?,Type 1 diabetes is an autoimmune disease in which the immune system destroys the insulin-producing beta cells of the pancreas. Genetic susceptibility and possibly environmental triggers such as viral infections are thought to play a role.,SyntheticMedQA-A,train
train-3db4f79111fc-0,What causes celiac disease?,"Celiac disease is an autoimmune reaction to gluten, a protein in wheat, barley and rye, that damages the lining of the small intestine in genetically susceptible people with HLA-DQ2 or DQ8.",SyntheticMedQA-A,train
train-027f81432ab6-0,Tell me about severe recurring headaches.,"Migraine is a common medical condition. Migraine is a neurological disorder involving activation of the trigeminovascular system. Common triggers include stress, hormonal changes, lack of sleep, skipped meals, alcohol and certain foods. Migraine causes moderate to severe throbbing headache, usually on one side, lasting 4 to 72 hours, with nausea and sensitivity to light and sound. Some people have a visual aura beforehand. Migraine is diagnosed clinically based on the pattern of headaches and associated symptoms. Brain imaging is only needed when there are red-flag features such as a sudden severe headache or neurological deficits. Migraine attacks are treated with NSAIDs, triptans or gepants. Frequent migraines may need preventive therapy such as beta blockers, topiramate, amitriptyline or CGRP monoclonal antibodies. Migraine frequency can be reduced by keeping a headache diary, regular sleep and meals, staying hydrated, managing stress and avoiding identified triggers. Living with migraine usually involves a long-term partnership with a healthcare team. Regular follow-up visits allow the treatment plan to be adjusted, side effects to be identified early and complications to be screened for. Patients are encouraged to keep a written record of their symptoms, medications and questions for each appointment, and to ask about reliable sources of education and local support groups. Family members can also benefit from learning about the condition. Any sudden worsening of symptoms should prompt urgent medical review rather than waiting for the next scheduled appointment.",SyntheticMedQA-B,train
train-3bfc4d7d413e-0,How can psoriasis be confirmed?,"Psoriasis is usually diagnosed by examining the skin, scalp and nails. A skin biopsy is occasionally done to rule out other conditions.",SyntheticMedQA-A,train
train-e80452d633dc-0,Can acid reflux be prevented?,"GERD symptoms can be prevented by losing excess weight, eating smaller meals, avoiding lying down within 3 hours of eating, raising the head of the bed and limiting trigger foods.",SyntheticMedQA-B,train
train-b639167c2aff-0,How do I know if I have underactive thyroid?,"Hypothyroidism causes tiredness, weight gain, feeling cold, constipation, dry skin, hair thinning, depression and slowed heart rate.",SyntheticMedQA-B,train
train-d91e43f5dc19-0,What are the symptoms of influenza?,"Influenza causes sudden fever, chills, muscle aches, headache, dry cough, sore throat and extreme tiredness.
Most people recover in one to two weeks.",SyntheticMedQA-A,train
train-2dce8f0931cd-0,What are the symptoms of celiac disease?,"Celiac disease can cause diarrhea, bloating, abdominal pain, weight loss and fatigue, as well as non-digestive problems such as anemia, an itchy blistering rash and bone loss.",SyntheticMedQA-B,train
train-b64ba3335f29-0,What are the signs of osteoporosis?,"Osteoporosis usually has no symptoms until a bone breaks. Signs can include back pain from a collapsed vertebra, loss of height, a stooped posture and fractures from minor falls.",SyntheticMedQA-A,train
train-8eeabc86b84f-0,How is influenza diagnosed?,Influenza is usually diagnosed from symptoms during flu season. Rapid antigen tests or PCR on a nasal swab confirm the infection.,SyntheticMedQA-A,train
train-d4bbb789b0a8-0,Why do people get influenza?,"Influenza is caused by influenza A and B viruses that spread through respiratory droplets when infected people cough, sneeze or talk, and through contaminated surfaces.",SyntheticMedQA-A,train
train-77afb188a349-0,What tests are used to diagnose generalized anxiety disorder?,"Generalized anxiety disorder is diagnosed by a clinician using DSM-5 criteria, often supported by the GAD-7 questionnaire, after excluding medical causes such as hyperthyroidism.",SyntheticMedQA-A,train
train-5071e27faa52-0,What is the best treatment for adult-onset diabetes?,"Type 2 diabetes treatment starts with healthy eating, weight loss and physical activity, usually with metformin. Other options include SGLT2 inhibitors, GLP-1 receptor agonists and insulin.",SyntheticMedQA-A,train
train-171457223f91-0,How can migraine be prevented?,"Migraine frequency can be reduced by keeping a headache diary, regular sleep and meals, staying hydrated, managing stress and avoiding identified triggers.. Consult a healthcare provider for more information.",SyntheticMedQA-B,train
train-924ac843ffc4-0,Can juvenile diabetes be prevented?,"There is currently no proven way to prevent type 1 diabetes. Screening relatives for autoantibodies can identify people at high risk, and the drug teplizumab may delay onset in some of them.",SyntheticMedQA-B,train
train-ca68c978db20-0,Which test shows if I have constant worrying?,"Generalized anxiety disorder is diagnosed by a clinician using DSM-5 criteria, often supported by the GAD-7 questionnaire, after excluding medical causes such as hyperthyroidism.",SyntheticMedQA-A,train
train-4c1a6a1051d4-0,What are the signs of pneumonia?,"Pneumonia causes cough with phlegm, fever, chills, shortness of breath and sharp chest pain when breathing. Older adults may instead have confusion and a low body temperature.",SyntheticMedQA-A,train
train-219c80a6484e-0,What are the treatments for psoriasis?,"Psoriasis is treated with topical corticosteroids and vitamin D analogues, phototherapy, and for moderate to severe disease, methotrexate or biologic drugs targeting IL-17 or IL-23.",SyntheticMedQA-B,train
train-c129cc84336d-0,What does wear-and-tear arthritis feel like?,"Osteoarthritis causes joint pain that worsens with use, stiffness after rest, reduced range of motion, swelling and a grating sensation, commonly in the knees, hips and hands.",SyntheticMedQA-B,train
train-3e95b6c0ce2c-0,Which test shows if I have gluten intolerance?,"Celiac disease is diagnosed with a tissue transglutaminase IgA blood test while still eating gluten, followed by a small bowel biopsy showing villous atrophy.",SyntheticMedQA-A,train
train-e444fe3b3586-0,Is there a way to avoid gluten intolerance?,"Celiac disease cannot be prevented, but complications are prevented by strict gluten avoidance, and screening of first-degree relatives allows early diagnosis.",SyntheticMedQA-A,train
train-da565e79d6d7-0,What are the symptoms of rheumatoid arthritis?,"""Rheumatoid arthritis causes painful, swollen, warm joints, usually symmetrical in the small joints of the hands and feet, with morning stiffness lasting more than an hour and fatigue.""",SyntheticMedQA-B,train
train-a0fa9dca372e-0,Tell me about high blood pressure.,"Hypertension is a common medical condition. Most hypertension is primary, linked to age, genetics, high salt intake, obesity, alcohol and inactivity. Secondary hypertension can be caused by kidney disease, sleep apnea, thyroid problems or some medications. Hypertension usually causes no symptoms, which is why it is called the silent killer. Very high readings can cause severe headache, chest pain, shortness of breath, nosebleeds or vision changes. Hypertension is diagnosed when repeated blood pressure readings are 130/80 mmHg or higher. Home or ambulatory monitoring helps confirm the diagnosis and rule out white-coat hypertension. Hypertension is treated with lifestyle changes such as reducing salt and alcohol, plus medicines including ACE inhibitors, angiotensin receptor blockers, calcium channel blockers and thiazide diuretics. Hypertension risk can be lowered by keeping a healthy weight, limiting sodium, following the DASH diet, exercising regularly, limiting alcohol and not smoking. Living with hypertension usually involves a long-term partnership with a healthcare team. Regular follow-up visits allow the treatment plan to be adjusted, side effects to be identified early and complications to be screened for. Patients are encouraged to keep a written record of their symptoms, medications and questions for each appointment, and to ask about reliable sources of education and local support groups. Family members can also benefit from learning about the condition. Any sudden worsening of symptoms should prompt urgent medical review rather than waiting for the next scheduled appointment.",SyntheticMedQA-B,train
train-b04ed275207d-0,How is gout diagnosed?,"Gout is confirmed by finding urate crystals in joint fluid drawn with a needle.
Serum uric acid levels and dual-energy CT or ultrasound support the diagnosis.",SyntheticMedQA-B,train
train-f8cb5d0ec955-0,What are the signs of hypertension?,"Hypertension usually causes no symptoms, which is why it is called the silent killer. Very high readings can cause severe headache, chest pain, shortness of breath, nosebleeds or vision changes.",SyntheticMedQA-A,train
train-1e3f0c32c4c6-0,How do doctors check for low iron?,"Iron-deficiency anemia is diagnosed with a complete blood count showing low hemoglobin and small red cells, plus low serum ferritin. The underlying cause of iron loss should be investigated.",SyntheticMedQA-A,train
train-f8fe7831281b-0,What is type 1 diabetes?,"Type 1 diabetes is a common medical condition. Type 1 diabetes is an autoimmune disease in which the immune system destroys the insulin-producing beta cells of the pancreas. Genetic susceptibility and possibly environmental triggers such as viral infections are thought to play a role. Type 1 diabetes often causes increased thirst, frequent urination, unexplained weight loss, extreme hunger, fatigue and blurred vision. Symptoms can develop quickly over a few weeks, and some people first present with diabetic ketoacidosis. Type 1 diabetes is diagnosed with blood glucose tests such as fasting plasma glucose, HbA1c or a random glucose above 200 mg/dL with symptoms. Autoantibody tests and C-peptide levels help distinguish it from type 2 diabetes. Type 1 diabetes is treated with lifelong insulin therapy delivered by multiple daily injections or an insulin pump, together with blood glucose monitoring, carbohydrate counting and regular exercise. There is currently no proven way to prevent type 1 diabetes. Screening relatives for autoantibodies can identify people at high risk, and the drug teplizumab may delay onset in some of them. Living with type 1 diabetes usually involves a long-term partnership with a healthcare team. Regular follow-up visits allow the treatment plan to be adjusted, side effects to be identified early and complications to be screened for. Patients are encouraged to keep a written record of their symptoms, medications and questions for each appointment, and to ask about reliable sources of education and local support groups. Family members can also benefit from learning about the condition. Any sudden worsening of symptoms should prompt urgent medical review rather than waiting for the next scheduled appointment.",SyntheticMedQA-A,train
train-cf8bd60d0f8d-0,How can clinical depression be managed?,"Major depressive disorder is treated with psychotherapy such as cognitive behavioral therapy, antidepressants such as SSRIs, or both. Severe cases may need hospital care or electroconvulsive therapy.",SyntheticMedQA-A,train
train-155933141b60-0,What tests are used to diagnose GERD?,GERD is usually diagnosed from typical symptoms and response to acid-suppressing treatment. Upper endoscopy and esophageal pH monitoring are used when symptoms are atypical or severe.,SyntheticMedQA-B,train
train-4a9c3b4a833e-0,What are the treatments for chickenpox?,"Chickenpox is treated with rest, fluids, calamine lotion and antihistamines for itching, and paracetamol for fever. Aciclovir is used for adults and high-risk patients. Aspirin should be avoided in children.",SyntheticMedQA-B,train
train-4a600ee20308-0,What causes hypertension?,"Most hypertension is primary, linked to age, genetics, high salt intake, obesity, alcohol and inactivity. Secondary hypertension can be caused by kidney disease, sleep apnea, thyroid problems or some medications.",SyntheticMedQA-A,train
train-3563b45bdbb1-0,Which symptoms does psoriasis cause?,"Psoriasis causes thick red patches of skin covered with silvery scales, commonly on the elbows, knees, scalp and lower back, which may itch or crack. Nail pitting is common.",SyntheticMedQA-B,train
train-aad1ce247bb7-0,Is there a way to avoid wheezing lung disease?,"Asthma attacks can be prevented by taking controller medication as prescribed, avoiding triggers such as smoke & dust mites, getting the flu vaccine and monitoring peak flow.",SyntheticMedQA-B,train
train-48c8fb866f45-0,How is GERD treated?,"GERD is treated with lifestyle changes, antacids, H2 blockers and proton pump inhibitors such as omeprazole. Surgery such as fundoplication is an option for refractory cases.",SyntheticMedQA-A,train
