Question,Answer,source,focus_area,qtype
How can wheezing lung disease be managed ?,"  Ａsthmａ   is   mａnaged with inhaled corticosteroids for long-term control and short-acting bronchodilators such as albuterol for quick relief, along with avoiding known triggers and having a written action plan.
",SyntheticMedQA-A,asthma,treatment
Which test shows if I have varicella ?,	Chickenpox   is   usually diagnosed from the characteristic rash. PCR testing of blister fluid can confirm the virus in unclear cases. 	,SyntheticMedQA-A,chickenpox,diagnosis
How can rheumatoid arthritis be confirmed?,"

Rheumatoid   arthritis   is diagnosed from joint examination plus blood tests for rheumatoid factor, anti-CCP antibodies, ESR and CRP, and imaging to look for joint erosions. 	",SyntheticMedQA-A,rheumatoid arthritis,diagnosis
What is the best treatment for brittle bones?,"Osteoporosis is treated with bisphosphonates such as alendronate, denosumab or bone-building drugs like teriparatide, plus calcium, vitamin D &amp; fall prevention.",SyntheticMedQA-B,osteoporosis,treatment
How can renal calculi be managed?,"Small kidney stones often pass with fluids, pain relief and tamsulosin. Larger stones may need shock wave lithotripsy, ureteroscopy or percutaneous nephrolithotomy.",SyntheticMedQA-A,kidney stones,treatment
How can juvenile diabetes be managed?,"Type 1 diabetes is treated with lifelong insulin therapy delivered by multiple daily injections or an insulin pump, together with blood glucose monitoring, carbohydrate counting and regular exercise.",SyntheticMedQA-A,type 1 diabetes,treatment
how do i know if i have juvenile diabetes?,"Type 1 diabetes often causes increased thirst, frequent urination, unexplained weight loss, extreme hunger, fatigue and blurred vision.<br/>Symptoms can develop quickly over a few weeks, and some people first present with diabetic ketoacidosis.",SyntheticMedQA-A,type 1 diabetes,symptoms
What tests are used to diagnose chickenpox?,	Chickenpox   is   usually diagnosed from the characteristic rash. PCR testing of blister fluid can confirm the virus in unclear cases.   ,SyntheticMedQA-A,chickenpox,diagnosis
EXPLAIN CHRONIC OBSTRUCTIVE PULMONARY DISEASE IN DETAIL.,"COPD is a common medical condition. COPD is mainly caused by long-term cigarette smoking. Occupational dust &amp; chemicals, indoor smoke from cooking fuels and the genetic condition alpha-1 antitrypsin deficiency also contribute. COPD causes a chronic cough with mucus, shortness of breath that worsens with activity, wheezing and frequent chest infections. Symptoms progress slowly over years. COPD is diagnosed by spirometry showing a post-bronchodilator FEV1/FVC ratio below 0.70 in a person with symptoms and risk factors. Chest imaging helps exclude other conditions. COPD treatment includes stopping smoking, long-acting bronchodilators (LAMA and LABA inhalers), pulmonary rehabilitation, vaccinations and oxygen therapy for people with low blood oxygen. The best way to prevent COPD is never to smoke or to quit smoking, and to reduce exposure to occupational dust, fumes and indoor air pollution. Living with COPD usually involves a long-term partnership with a healthcare team. Regular follow-up visits allow the treatment plan to be adjusted, side effects to be identified early and complications to be screened for. Patients are encouraged to keep a written record of their symptoms, medications and questions for each appointment, and to ask about reliable sources of education and local support groups. Family members can also benefit from learning about the condition. Any sudden worsening of symptoms should prompt urgent medical review rather than waiting for the next scheduled appointment.",SyntheticMedQA-B,COPD,overview
How do I know if I have inflammatory joint disease?,"Rheumatoid arthritis causes painful, swollen, warm joints, usually symmetrical in the small joints of the hands and feet, with morning stiffness lasting more than an hour and fatigue.",SyntheticMedQA-B,rheumatoid arthritis,symptoms
How do doctors check for high blood pressure?,"

Hypertension   is   diagnosed when repeated blood pressure readings are 130/80 mmHg or higher. Home or ambulatory monitoring helps confirm the diagnosis and rule out white-coat hypertension.
",SyntheticMedQA-A,hypertension,diagnosis
How do I prevent asthma?,"<p>Asthma attacks can be prevented by taking controller medication as prescribed, avoiding triggers such as smoke and dust mites, getting the flu vaccine and monitoring peak flow.</p>",SyntheticMedQA-B,asthma,prevention
Which symptoms does asthma cause?,"Asthma causes episodes of wheezing, shortness of breath, chest tightness and coughing, often worse at night or early morning and triggered by exercise, allergens or cold air.",SyntheticMedQA-B,asthma,symptoms
What are the signs of asthma?,See a doctor.,SyntheticMedQA-B,asthma,symptoms
Which medications are used for GERD?,"GERD is treated with lifestyle changes, antacids, H2 blockers and proton pump inhibitors such as omeprazole. Surgery such as fundoplication is an option for refractory cases.",SyntheticMedQA-A,GERD,treatment
What does low iron feel like?,"<p>Iron-deficiency anemia causes fatigue, weakness, pale skin, shortness of breath on exertion, dizziness, cold hands and feet, brittle nails and sometimes cravings for ice.</p>",SyntheticMedQA-A,iron-deficiency anemia,symptoms
Which test shows if I have inflammatory joint disease?,"Rheumatoid arthritis is diagnosed from joint examination plus blood tests for rheumatoid factor, anti-CCP antibodies, ESR and CRP, and imaging to look for joint erosions. Read more »",SyntheticMedQA-A,rheumatoid arthritis,diagnosis
What are the signs of osteoarthritis?,"Osteoarthritis causes joint pain that worsens with use, stiffness after rest, reduced range of motion, swelling and a grating sensation, commonly in the knees, hips and hands. Share this article on Facebook.",SyntheticMedQA-B,osteoarthritis,symptoms
How does someone develop wheezing lung disease?,"

<p>Asthma   is   caused by chronic inflammation and hyperresponsiveness of the airways. Genetics, allergies, early respiratory infections and exposure to tobacco smoke or pollution increase the risk.</p>
",SyntheticMedQA-B,asthma,causes
How can asthma be prevented?,"Asthma attacks can be prevented by taking controller medication as prescribed, avoiding triggers such as smoke and dust mites, getting the flu vaccine and monitoring peak flow.",SyntheticMedQA-B,asthma,prevention
Which symptoms does celiac disease cause?,"Celiac disease can cause diarrhea, bloating, abdominal pain, weight loss and fatigue, as well as non-digestive problems such as anemia, an itchy blistering rash and bone loss.",SyntheticMedQA-B,celiac disease,symptoms
What is the cause of high blood pressure?,"Most hypertension is primary, linked to age, genetics, high salt intake, obesity, alcohol and inactivity. Secondary hypertension can be caused by kidney disease, sleep apnea, thyroid problems or some medications.",SyntheticMedQA-A,hypertension,causes
What are the symptoms of type 2 diabetes?,"Type 2 diabetes develops slowly and may cause increased thirst, frequent urination, tiredness, slow-healing sores, frequent infections and tingling in the hands or feet. Many people have no symptoms for years.",SyntheticMedQA-B,type 2 diabetes,symptoms
How can coronary artery disease be prevented?,"Coronary artery disease can be prevented by not smoking, controlling blood pressure and cholesterol, managing diabetes, exercising regularly and eating a Mediterranean-style diet.",SyntheticMedQA-B,coronary artery disease,prevention
What reduces the risk of kidney stones?,"Kidney stones can be prevented by drinking enough water to produce about 2.5 liters of urine a day, reducing salt and animal protein, and getting normal amounts of dietary calcium.",SyntheticMedQA-B,kidney stones,prevention
What reduces the risk of kidney stones?,"Kidney stones can be prevented by drinking enough water to produce about 2.5 liters of urine a day, reducing salt and animal protein, and getting normal amounts of dietary calcium.",SyntheticMedQA-B,kidney stones,prevention
Which symptoms does major depressive disorder cause?,"Major depressive disorder causes <b>persistent</b> sadness or loss of interest for at least two weeks, with changes in sleep and appetite, low energy, poor concentration, feelings of worthlessness and sometimes thoughts of death.",SyntheticMedQA-B,major depressive disorder,symptoms
What is the best treatment for scaly skin plaques?,"Psoriasis is treated with topical corticosteroids and vitamin D analogues, phototherapy, and for moderate <b>to</b> severe disease, methotrexate or biologic drugs targeting IL-17 or IL-23.",SyntheticMedQA-B,psoriasis,treatment
What does bladder infection feel like?,"A urinary tract infection causes a burning sensation when urinating, a frequent urge to urinate, cloudy or strong-smelling urine and pelvic pain.<br/>Fever and back pain suggest a kidney infection.",SyntheticMedQA-B,urinary tract infection,symptoms
Which medications are used for osteoporosis?,"Osteoporosis is <b>treated</b> with bisphosphonates such as alendronate, denosumab or bone-building drugs like teriparatide, plus calcium, vitamin D and fall prevention.",SyntheticMedQA-B,osteoporosis,treatment
	Can   clinical   depression be prevented?   ,"The risk of depression relapse can be reduced by continuing treatment as advised, regular exercise, good sleep, social support and early help when symptoms return.",SyntheticMedQA-B,major depressive disorder,prevention
What are the treatments for pneumonia?,"Bacterial pneumonia is treated with <b>antibiotics</b> such as amoxicillin or a macrolide. Rest, fluids and fever control help recovery, and severe cases need hospital care and oxygen. Read more »",SyntheticMedQA-B,pneumonia,treatment
What reduces the risk of pneumonia?,"Click here to subscribe to our newsletter for more health tips. Pneumonia can be prevented with pneumococcal and influenza vaccines, hand washing, <b>not</b> smoking and good management of chronic illnesses.",SyntheticMedQA-A,pneumonia,prevention
IS THERE A WAY TO AVOID RENAL CALCULI?,"

Kidney   stones   can be prevented by drinking enough water to produce about 2.5 liters of urine a day, reducing salt and animal protein, and getting normal amounts of dietary calcium. 	",SyntheticMedQA-B,kidney stones,prevention
What are the symptoms of stroke?,"Read more » Stroke causes sudden face drooping, arm or leg weakness on one side, slurred speech, confusion, vision loss or a severe headache. Remember FAST: face, arms, speech, time to call emergency services.",SyntheticMedQA-B,stroke,symptoms
How do I know if I have high blood pressure?,"Hypertension usually causes no symptoms, which is why it is called the silent killer. Very high readings can cause severe headache, chest pain, shortness of breath, nosebleeds or vision changes.",SyntheticMedQA-A,hypertension,symptoms
Which medications are used for rheumatoid arthritis?,"Rheumatoid arthritis is treated early with disease-modifying drugs such as methotrexate, plus biologics like TNF inhibitors when needed, and short courses of steroids for flares.",SyntheticMedQA-B,rheumatoid arthritis,treatment
How is chickenpox diagnosed?,Chickenpox is usually diagnosed from the characteristic rash. PCR testing of blister fluid can confirm the virus in unclear cases.,SyntheticMedQA-A,chickenpox,diagnosis
How do I know if I have high blood pressure?,"Hypertension usually causes no symptoms, which is why it is called the silent killer. Very high readings can cause severe headache, chest pain, shortness of breath, nosebleeds or vision changes.",SyntheticMedQA-A,hypertension,symptoms
WHAT IS THE BEST TREATMENT FOR SEVERE RECURRING HEADACHES?,"	Migraine   attacks   are treated with NSAIDs, triptans or gepants. Frequent migraines may need preventive therapy such as beta blockers, topiramate, amitriptyline or CGRP monoclonal antibodies.   ",SyntheticMedQA-B,migraine,treatment
How do I prevent iron-deficiency anemia?,"Iron-deficiency anemia can be prevented by eating iron-rich foods such as red meat, beans and leafy greens with vitamin C, and by iron supplementation during pregnancy when advised.",SyntheticMedQA-A,iron-deficiency anemia,prevention
What is the best treatment for wear-and-tear arthritis?,"Osteoarthritis is managed with exercise, weight loss, physical therapy, topical or oral NSAIDs and joint injections. Severe cases may need joint replacement surgery.",SyntheticMedQA-A,osteoarthritis,treatment
How do I prevent rheumatoid arthritis?,"Click here to subscribe to our newsletter for more health tips. Rheumatoid arthritis cannot be fully prevented, but not smoking lowers the risk and early treatment prevents permanent joint damage.",SyntheticMedQA-A,rheumatoid arthritis,prevention
Which test shows if I have bladder infection?,A urinary tract infection is diagnosed with a urine dipstick test for nitrites and leukocytes and confirmed by a urine culture that identifies the bacteria.,SyntheticMedQA-B,urinary tract infection,diagnosis
Can renal calculi be prevented?,,SyntheticMedQA-B,kidney stones,prevention
How can hyperthyroidism be prevented?,"Hyperthyroidism usually cannot be prevented, but avoiding excess iodine supplements and attending regular follow-up help detect relapse early.",SyntheticMedQA-A,hyperthyroidism,prevention
What reduces the risk of osteoporosis?,"Osteoporosis can be prevented with weight-bearing exercise, adequate calcium and vitamin D, avoiding smoking and excess alcohol, and screening women over 65.",SyntheticMedQA-A,osteoporosis,prevention
What are the symptoms of chickenpox?,"Chickenpox causes an itchy rash of red spots that become fluid-filled blisters and then crust over, along with fever, tiredness and loss of appetite. Click here to subscribe to our newsletter for more health tips.",SyntheticMedQA-B,chickenpox,symptoms
Is there a way to avoid inflammatory joint disease?,"Rheumatoid arthritis cannot be fully prevented, but not smoking lowers the risk and early treatment prevents permanent joint damage.",SyntheticMedQA-A,rheumatoid arthritis,prevention
What causes iron-deficiency anemia?,"Iron-deficiency anemia results from blood loss such as heavy periods or gastrointestinal bleeding, low dietary iron, poor absorption as in celiac disease, or increased needs during pregnancy.",SyntheticMedQA-B,iron-deficiency anemia,causes
What are the treatments for generalized anxiety disorder?,Generalized anxiety disorder is treated with cognitive behavioral therapy and medications such as SSRIs or SNRIs. Relaxation techniques and exercise also help.,SyntheticMedQA-B,generalized anxiety disorder,treatment
What is the best treatment for wheezing lung disease?,"Ａsthmａ is mａnaged with inhaled corticosteroids for long-term control and short-acting bronchodilators such as albuterol for quick relief, along with avoiding known triggers and having a written action plan.",SyntheticMedQA-A,asthma,treatment
What reduces the risk of hyperthyroidism ?,"  Hyperthyroidism   usually   cannot be prevented, but avoiding excess iodine supplements and attending regular follow-up help detect relapse early.   ",SyntheticMedQA-A,hyperthyroidism,prevention
How do I know if I have inflammatory joint disease?,"Rheumatoid arthritis causes painful, swollen, warm joints, usually symmetrical in the small joints of the hands and feet, with morning stiffness lasting more than an hour and fatigue.",SyntheticMedQA-B,rheumatoid arthritis,symptoms
How can lung infection be managed?,"	<p>Bacterial   pneumonia   is treated with antibiotics such as amoxicillin or a macrolide. Rest, fluids and fever control help recovery, and severe cases need hospital care and oxygen.</p> 	",SyntheticMedQA-B,pneumonia,treatment
How do I prevent hypothyroidism?,"Most ​hypothyroidism ​cannot be prevented, but adequate dietary iodine prevents the iodine-deficiency form, and screening allows early treatment.",SyntheticMedQA-B,hypothyroidism,prevention
What are the risk factors for iron-deficiency anemia?,"<p>Iron-deficiency anemia results from blood loss such as heavy periods or gastrointestinal bleeding, low dietary iron, poor absorption as in celiac disease, or increased needs during pregnancy.</p>",SyntheticMedQA-B,iron-deficiency anemia,causes
Which symptoms does hypothyroidism cause?,"“Hypothyroidism causes tiredness, weight gain, feeling cold, constipation, dry skin, hair thinning, depression and slowed heart rate.”",SyntheticMedQA-B,hypothyroidism,symptoms
Which medications are used for celiac disease?,"The only treatment for celiac disease is a strict lifelong gluten-free diet, which allows the intestine to heal. Nutritional deficiencies such as iron and vitamin D are corrected.",SyntheticMedQA-A,celiac disease,treatment
What causes osteoarthritis?,"Osteoarthritis develops as the cartilage cushioning the joints breaks down over time. Age, obesity, joint injury, repetitive stress and genetics increase the risk.",SyntheticMedQA-B,osteoarthritis,causes
What tests are used to diagnose celiac disease?,"Celiac disease is diagnosed with a tissue transglutaminase IgA blood test while still eating gluten, followed by a small bowel biopsy showing villous <b>atrophy.</b>",SyntheticMedQA-A,celiac disease,diagnosis
What tests are used to diagnose hypothyroidism?,"  Hypothyroidism   is   diagnosed with blood tests showing a high TSH and low free T4. Thyroid peroxidase antibodies suggest Hashimoto's thyroiditis.
",SyntheticMedQA-B,hypothyroidism,diagnosis
What causes pneumonia?,"Click here to subscribe to our newsletter for more health tips. Pneumonia is an infection of the air sacs of the lungs, most often caused by bacteria such as Streptococcus pneumoniae, viruses such as influenza and RSV, or less commonly fungi.",SyntheticMedQA-A,pneumonia,causes
What reduces the risk of pneumonia?,"Click here to subscribe to our newsletter for more health tips. Pneumonia can be prevented with pneumococcal and influenza vaccines, hand washing, <b>not</b> smoking and good management of chronic illnesses.",SyntheticMedQA-A,pneumonia,prevention
What tests are used to diagnose major depressive disorder?,"	Share   this   article on Facebook. Major depressive disorder is diagnosed through a clinical interview using DSM-5 criteria. Questionnaires such as the PHQ-9 help screen and measure severity, and blood tests rule out thyroid disease.
",SyntheticMedQA-A,major depressive disorder,diagnosis
How can iron-deficiency anemia be confirmed?,"Iron-deficiency anemia is diagnosed with a complete blood count showing low hemoglobin and small red cells, plus low serum ferritin. The underlying cause of iron loss should be investigated.",SyntheticMedQA-A,iron-deficiency anemia,diagnosis
How can rheumatoid arthritis be confirmed?,"

Rheumatoid   arthritis   is diagnosed from joint examination plus blood tests for rheumatoid factor, anti-CCP antibodies, ESR and CRP, and imaging to look for joint erosions. 	",SyntheticMedQA-A,rheumatoid arthritis,diagnosis
What causes hypothyroidism?,"Hypothyroidism is most often caused by Hashimoto&#39;s thyroiditis, an autoimmune condition. Other causes include thyroid surgery, radioactive iodine treatment &amp; iodine deficiency.",SyntheticMedQA-A,hypothyroidism,causes
HOW DO I PREVENT RHEUMATOID ARTHRITIS?,"<p>Click here to subscribe to our newsletter for more health tips. Rheumatoid arthritis cannot be fully prevented, but not smoking lowers the risk and early treatment prevents permanent joint damage.</p>",SyntheticMedQA-A,rheumatoid arthritis,prevention
Is there a way to avoid scaly skin plaques?,"Psoriasis flares can be reduced by moisturizing the skin, managing stress, avoiding skin injury, limiting alcohol and not smoking.",SyntheticMedQA-B,psoriasis,prevention
How do doctors check for acid reflux?,"

GERD   is   usually diagnosed from typical symptoms and response to acid-suppressing treatment. Upper endoscopy and esophageal pH monitoring are used when symptoms are atypical or severe.   ",SyntheticMedQA-B,GERD,diagnosis
Is there a way to avoid scaly skin plaques?,"Psoriasis flares can be reduced by moisturizing the skin, managing stress, avoiding skin injury, limiting alcohol and not smoking.",SyntheticMedQA-B,psoriasis,prevention
Which test shows if I have adult-onset diabetes?,"Type 2 diabetes is diagnosed when HbA1c is 6.5% or higher, fasting plasma glucose is 126 mg/dL or higher, or a 2-hour oral glucose tolerance test reading is 200 mg/dL or higher.",SyntheticMedQA-B,type 2 diabetes,diagnosis
What reduces the risk of migraine?,"“Migraine frequency can be reduced by keeping a headache diary, regular sleep and meals, staying hydrated, managing stress and avoiding identified triggers.”",SyntheticMedQA-B,migraine,prevention
	How   do   I know if I have varicella?   ,"Chickenpox causes an itchy rash of red spots that become fluid-filled blisters and then crust over, along with fever, tiredness and loss of appetite.",SyntheticMedQA-B,chickenpox,symptoms
How can chickenpox be prevented?,	Advertisement   Chickenpox   is prevented with two doses of the varicella vaccine. People who are not immune should avoid contact with infected individuals.   ,SyntheticMedQA-B,chickenpox,prevention
What is the cause of adult-onset diabetes?,"Type 2 diabetes results from insulin resistance combined with a gradual decline in insulin production. Excess body weight, physical inactivity, family history and older age increase the risk.",SyntheticMedQA-A,type 2 diabetes,causes
Can you give me an overview of type 1 diabetes?,"“Type 1 diabetes is a common medical condition. Type 1 diabetes is an autoimmune disease in which the immune system destroys the insulin-producing beta cells of the pancreas. Genetic susceptibility and possibly environmental triggers such as viral infections are thought to play a role. Type 1 diabetes often causes increased thirst, frequent urination, unexplained weight loss, extreme hunger, fatigue and blurred vision. Symptoms can develop quickly over a few weeks, and some people first present with diabetic ketoacidosis. Type 1 diabetes is diagnosed with blood glucose tests such as fasting plasma glucose, HbA1c or a random glucose above 200 mg/dL with symptoms. Autoantibody tests and C-peptide levels help distinguish it from type 2 diabetes. Type 1 diabetes is treated with lifelong insulin therapy delivered by multiple daily injections or an insulin pump, together with blood glucose monitoring, carbohydrate counting and regular exercise. There is currently no proven way to prevent type 1 diabetes. Screening relatives for autoantibodies can identify people at high risk, and the drug teplizumab may delay onset in some of them. Living with type 1 diabetes usually involves a long-term partnership with a healthcare team. Regular follow-up visits allow the treatment plan to be adjusted, side effects to be identified early and complications to be screened for. Patients are encouraged to keep a written record of their symptoms, medications and questions for each appointment, and to ask about reliable sources of education and local support groups. Family members can also benefit from learning about the condition. Any sudden worsening of symptoms should prompt urgent medical review rather than waiting for the next scheduled appointment.”",SyntheticMedQA-A,type 1 diabetes,overview
How is type 1 diabetes diagnosed?,"Type 1 diabetes is diagnosed with blood glucose tests such as fasting plasma glucose, HbA1c or a random glucose above 200 mg/dL with symptoms. Autoantibody tests and C-peptide levels help distinguish it from type 2 diabetes.",SyntheticMedQA-A,type 1 diabetes,diagnosis
What is the cause of severe recurring headaches?,"Click here to subscribe to our newsletter for more health tips. Migraine is a neurological disorder involving activation of the trigeminovascular system. Common triggers include stress, hormonal <b>changes,</b> lack of sleep, skipped meals, alcohol and certain foods.",SyntheticMedQA-A,migraine,causes
How do doctors check for chronic obstructive pulmonary disease?,COPD is diａgnosed by spirometry showing ａ post-bronchodilator FEV1/FVC ratio below 0.70 in a person with symptoms and risk factors. Chest imaging helps exclude other conditions.,SyntheticMedQA-A,COPD,diagnosis
how do i know if i have acid reflux?,"GERD causes heartburn, a burning feeling in the chest after meals, regurgitation of sour liquid, difficulty swallowing, chronic cough and hoarseness.",SyntheticMedQA-A,GERD,symptoms
Tell me about adult-onset diabetes.,"Share this article on Facebook. Type 2 diabetes is a common medical condition.<br/>Type 2 diabetes results from insulin resistance combined with a gradual decline in insulin production. Excess body weight, physical inactivity, family history and older age increase the risk. Type 2 diabetes develops slowly and may cause increased thirst, frequent urination, tiredness, slow-healing sores, frequent infections and tingling in the hands or feet. Many people have no symptoms for years. Type 2 diabetes is diagnosed when HbA1c is 6.5% or higher, fasting plasma glucose is 126 mg/dL or higher, or a 2-hour oral glucose tolerance test reading is 200 mg/dL or higher. Type 2 diabetes treatment starts with healthy eating, weight loss and physical activity, usually with metformin. Other options include SGLT2 inhibitors, GLP-1 receptor agonists and insulin. Type 2 diabetes can often be prevented or delayed by losing 5 to 7 percent of body weight, exercising about 150 minutes per week and choosing a diet rich in fiber and low in refined sugar. Living with type 2 diabetes usually involves a long-term partnership with a healthcare team. Regular follow-up visits allow the treatment plan to be adjusted, side effects to be identified early and complications to be screened for. Patients are encouraged to keep a written record of their symptoms, medications and questions for each appointment, and to ask about reliable sources of education and local support groups. Family members can also benefit from learning about the condition. Any sudden worsening of symptoms should prompt urgent medical review rather than waiting for the next scheduled appointment.",SyntheticMedQA-B,type 2 diabetes,overview
How is migraine diagnosed?,Migraine is diagnosed clinically based on the pattern of headaches and associated symptoms. Brain imaging is only needed when there are red-flag features such as a sudden severe headache or neurological deficits.,SyntheticMedQA-A,migraine,diagnosis
Which symptoms does osteoporosis cause?,"Osteoporosis usually has no symptoms until a bone breaks. Signs can include back pain from a collapsed vertebra, loss of height, a stooped posture and fractures from minor falls.",SyntheticMedQA-A,osteoporosis,symptoms
Is there a way to avoid uric acid arthritis?,"Gout attacks can be prevented by limiting alcohol, red meat and sugary drinks, staying hydrated, losing weight and taking urate-lowering medication when prescribed.",SyntheticMedQA-B,gout,prevention
What reduces the risk of influenza?,"The annual flu vaccine is the best prevention against influenza, together with hand washing, covering coughs and staying home when sick.",SyntheticMedQA-B,influenza,prevention
Explain chronic obstructive pulmonary disease in detail.,"COPD is a common medical condition. COPD is mainly caused by long-term cigarette smoking. Occupational dust and chemicals, indoor smoke from cooking fuels and the genetic condition alpha-1 antitrypsin deficiency also contribute. COPD causes a chronic cough with mucus, shortness of breath that worsens with activity, wheezing and frequent chest infections. Symptoms progress slowly over years. COPD is diagnosed by spirometry showing a post-bronchodilator FEV1/FVC ratio below 0.70 in a person with symptoms and risk factors. Chest imaging helps exclude other conditions. COPD treatment includes stopping smoking, long-acting bronchodilators (LAMA and LABA inhalers), pulmonary rehabilitation, vaccinations and oxygen therapy for people with low blood oxygen. The best way to prevent COPD is never to smoke or to quit smoking, and to reduce exposure to occupational dust, fumes and indoor air pollution. Living with COPD usually involves a long-term partnership with a healthcare team. Regular follow-up visits allow the treatment plan to be adjusted, side effects to be identified early and complications to be screened for. Patients are encouraged to keep a written record of their symptoms, medications and questions for each appointment, and to ask about reliable sources of education and local support groups. Family members can also benefit from learning about the condition. Any sudden worsening of symptoms should prompt urgent medical review rather than waiting for the next scheduled appointment.",SyntheticMedQA-B,COPD,overview
How can GERD be prevented?,"

GERD   symptoms   can be prevented by losing excess weight, eating smaller meals, avoiding lying down within 3 hours of eating, raising the head of the bed and limiting trigger foods.   ",SyntheticMedQA-B,GERD,prevention
How do I prevent iron-deficiency anemia?,<p></p>,SyntheticMedQA-A,iron-deficiency anemia,prevention
What are the risk factors for urinary tract infection?,"Urinary tract infections are usually caused by bacteria, most often Escherichia coli from the bowel, entering the urethra. Female anatomy, sexual activity and urinary catheters raise the risk.",SyntheticMedQA-B,urinary tract infection,causes
What causes migraine?,"“Migraine is a neurological disorder involving activation of the trigeminovascular system. Common triggers include stress, hormonal changes, lack of sleep, skipped meals, alcohol and certain foods.”",SyntheticMedQA-A,migraine,causes
What reduces the risk of migraine?,"“Migraine frequency can be reduced by keeping a headache diary, regular sleep and meals, staying hydrated, managing stress and avoiding identified triggers.”",SyntheticMedQA-B,migraine,prevention
Which test shows if I have severe recurring headaches ?,<p>Migraine is diagnosed clinically based on the pattern of headaches and associated symptoms. Brain imaging is only needed when there are red-flag features such as a sudden severe headache or neurological deficits.</p>,SyntheticMedQA-A,migraine,diagnosis
  Which   medications   are used for hypothyroidism?   ,"

Hypothyroidism   is   treated with daily levothyroxine, a synthetic thyroid hormone, with the dose adjusted according to TSH levels checked every 6 to <b>8</b> weeks.
",SyntheticMedQA-B,hypothyroidism,treatment
What causes osteoporosis?,"Osteoporosis occurs when bone loss outpaces new bone formation. Menopause, aging, low calcium and vitamin D, steroid use, smoking and low body weight increase the risk.",SyntheticMedQA-A,osteoporosis,causes
How can uric acid arthritis be managed?,"Gout ​flares ​are treated with NSAIDs, colchicine or corticosteroids. Long-term urate-lowering therapy with allopurinol or febuxostat prevents further attacks.",SyntheticMedQA-B,gout,treatment
Is there a way to avoid varicella?,  Chickenpox   is   prevented with two doses of the varicella vaccine. People who are not immune should avoid contact with infected individuals.   ,SyntheticMedQA-B,chickenpox,prevention
What are the risk factors for hypothyroidism?,"<p>Hypothyroidism is most often caused by Hashimoto's thyroiditis, an autoimmune condition. Other causes include thyroid surgery, radioactive iodine treatment and iodine deficiency.</p> Advertisement",SyntheticMedQA-A,hypothyroidism,causes
How is gout treated?,"Gout flares are treated with NSAIDs, colchicine or corticosteroids. Long-term urate-lowering therapy with allopurinol or febuxostat prevents further attacks.",SyntheticMedQA-B,gout,treatment
How is type 2 diabetes treated ?,"  Advertisement   Type   2 diabetes treatment starts with healthy eating, weight loss and physical activity, usually with metformin. Other options include SGLT2 inhibitors, GLP-1 receptor agonists and insulin.   ",SyntheticMedQA-A,type 2 diabetes,treatment
Which symptoms does osteoporosis cause?,"Osteoporosis usually has no symptoms until a bone breaks. Signs can include back pain from a collapsed vertebra, loss of height, a stooped posture and fractures from minor falls.",SyntheticMedQA-A,osteoporosis,symptoms
,Hypothyroidism is diagnosed with blood tests showing a high TSH and low free T4. Thyroid peroxidase antibodies suggest Hashimoto's thyroiditis.,SyntheticMedQA-B,hypothyroidism,diagnosis
	Which   test   shows if I have underactive thyroid?   ,Hypothyroidism is diagnosed with blood tests showing a high TSH and low free T4. Thyroid peroxidase antibodies suggest Hashimoto's thyroiditis. Read more »,SyntheticMedQA-B,hypothyroidism,diagnosis
How can stroke be prevented?,"Stroke can be prevented by controlling blood pressure, treating atrial fibrillation with anticoagulants, not smoking, managing cholesterol and diabetes and staying active.",SyntheticMedQA-B,stroke,prevention
How can type 2 diabetes be confirmed?,,SyntheticMedQA-B,type 2 diabetes,diagnosis
What are the treatments for stroke?,Ischemic stroke is treated with clot-busting thrombolysis within 4.5 hours or mechanical thrombectomy. Hemorrhagic stroke management focuses on controlling bleeding and blood pressure. Share this article on Facebook.,SyntheticMedQA-B,stroke,treatment
What does juvenile diabetes feel like?,"Share this article on Facebook. Type 1 diabetes often causes increased thirst, frequent urination, unexplained weight loss, extreme hunger, fatigue and blurred vision.<br/>Symptoms can develop quickly over a few weeks, and some people first present with diabetic ketoacidosis.",SyntheticMedQA-A,type 1 diabetes,symptoms
What are the symptoms of hypothyroidism?,"<p>Hypothyroidism causes tiredness, weight gain, feeling cold, constipation, dry skin, hair thinning, depression and slowed heart rate.</p>",SyntheticMedQA-B,hypothyroidism,symptoms
What reduces the risk of major depressive disorder?,<p></p>,SyntheticMedQA-B,major depressive disorder,prevention
Why do people get celiac disease?,&nbsp;,SyntheticMedQA-A,celiac disease,causes
Which test shows if I have juvenile diabetes?,"  Type   1   diabetes is diagnosed with blood glucose tests such as fasting plasma glucose, HbA1c or a random glucose above 200 mg/dL with symptoms. Autoantibody tests and C-peptide levels help distinguish it from type 2 diabetes. 	",SyntheticMedQA-A,type 1 diabetes,diagnosis
What causes major depressive disorder?,"© 2019 HealthInfoSite. All rights reserved. Major depressive disorder arises from a combination of genetic vulnerability, brain chemistry, stressful life events, trauma, chronic illness and certain medications.",SyntheticMedQA-A,major depressive disorder,causes
Which medications are used for asthma?,"Asthma is managed with inhaled corticosteroids for long-term control and short-acting bronchodilators such as albuterol for quick relief, along with avoiding known triggers and having a written action plan.",SyntheticMedQA-A,asthma,treatment
How do I prevent celiac disease?,"Share this article on Facebook. Celiac disease cannot be prevented, but complications are prevented by strict gluten avoidance, and screening of first-degree relatives allows early diagnosis.",SyntheticMedQA-A,celiac disease,prevention
What causes gout?,"Gout is caused by high levels of uric acid in the blood that form urate crystals in joints. Red meat, seafood, alcohol, sugary drinks, obesity and diuretics increase the risk.",SyntheticMedQA-B,gout,causes
What are the signs of osteoarthritis?,<p></p>,SyntheticMedQA-B,osteoarthritis,symptoms
What does chronic obstructive pulmonary disease feel like?,"COPD ​causes ​a chronic cough with mucus, shortness of breath that worsens with activity, wheezing and frequent chest infections. Symptoms progress slowly over years.",SyntheticMedQA-A,COPD,symptoms
Is there a way to avoid the flu?,"The annual flu vaccine is the best prevention against influenza, together with hand washing, covering coughs and staying home when sick.",SyntheticMedQA-B,influenza,prevention
How do I know if I have gluten intolerance?,"Celiac disease can cause diarrhea, bloating, abdominal pain, weight loss &amp; fatigue, as well as non-digestive problems such as anemia, an itchy blistering rash and bone loss.",SyntheticMedQA-B,celiac disease,symptoms
What are the signs of type 2 diabetes?,"Share this article on Facebook. <p>Type 2 diabetes develops slowly and may cause increased thirst, frequent urination, tiredness, slow-healing sores, frequent infections and tingling in the hands or feet. Many people have no symptoms for years.</p>",SyntheticMedQA-B,type 2 diabetes,symptoms
What reduces the risk of psoriasis?,"Psoriasis flares can be reduced by moisturizing the skin, managing stress, avoiding skin injury, limiting alcohol and not smoking.",SyntheticMedQA-B,psoriasis,prevention
Can varicella be prevented?,Chickenpox is prevented with two doses of the varicella vaccine. People who are not immune should avoid contact with infected individuals.,SyntheticMedQA-B,chickenpox,prevention
What are the risk factors for generalized anxiety disorder?,"Generalized anxiety disorder is linked to genetics, differences in brain chemistry, personality traits and stressful or traumatic experiences.",SyntheticMedQA-B,generalized anxiety disorder,causes
Which medications are used for iron-deficiency anemia?,"Iron-deficiency anemia is treated with oral iron supplements such as ferrous sulfate, or intravenous iron if tablets are not tolerated, while treating the source of blood loss.",SyntheticMedQA-A,iron-deficiency anemia,treatment
How can hypothyroidism be prevented?,"Most hypothyroidism cannot be prevented, but adequate dietary iodine prevents the iodine-deficiency form, and screening allows early treatment.",SyntheticMedQA-B,hypothyroidism,prevention
How does someone develop the flu?,"

Influenza   is   caused by influenza A and B viruses that spread through respiratory droplets when infected people cough, sneeze or <b>talk,</b> and through contaminated surfaces.   ",SyntheticMedQA-A,influenza,causes
Which symptoms does coronary artery disease cause?,"Coronary artery disease can cause chest pain or pressure (angina) during exertion, shortness of breath and fatigue. The first sign may be a heart attack.",SyntheticMedQA-B,coronary artery disease,symptoms
WHICH MEDICATIONS ARE USED FOR IRON-DEFICIENCY ANEMIA?,"<p>Iron-deficiency anemia is treated with oral iron supplements such as ferrous sulfate, or intravenous iron if tablets are not tolerated, while treating the source of blood loss.</p>",SyntheticMedQA-A,iron-deficiency anemia,treatment
How do doctors check for clogged heart arteries?,"Coronary artery disease is diagnosed using an electrocardiogram, stress testing, coronary CT angiography and invasive coronary angiography.",SyntheticMedQA-A,coronary artery disease,diagnosis
Is there a way to avoid clinical depression?,"The risk of depression relapse can be reduced by continuing treatment as advised, regular exercise, good sleep, social support and early help when symptoms return.",SyntheticMedQA-B,major depressive disorder,prevention
Explain wheezing lung disease in detail.,"Asthma is a common medical condition. Asthma is caused by chronic inflammation and hyperresponsiveness of the airways. Genetics, allergies, early respiratory infections and exposure to tobacco smoke or pollution increase the risk. Asthma causes episodes of wheezing, shortness of breath, chest tightness and coughing, often worse at night or early morning and triggered by exercise, allergens or cold air. Asthma is diagnosed with a clinical history plus spirometry showing airflow obstruction that improves after a bronchodilator. Peak flow monitoring and FeNO testing can support the diagnosis. Asthma is managed with inhaled corticosteroids for long-term control and short-acting bronchodilators such as albuterol for quick relief, along with avoiding known triggers and having a written action plan. Asthma attacks can be prevented by taking controller medication as prescribed, avoiding triggers such as smoke and dust mites, getting the flu vaccine and monitoring peak flow. Living with asthma usually involves a long-term partnership with a healthcare team. Regular follow-up visits allow the treatment plan to be adjusted, side effects to be identified early and complications to be screened for. Patients are encouraged to keep a written record of their symptoms, medications and questions for each appointment, and to ask about reliable sources of education and local support groups. Family members can also benefit from learning about the condition. Any sudden worsening of symptoms should prompt urgent medical review rather than waiting for the next scheduled appointment.",SyntheticMedQA-A,asthma,overview
What tests are used to diagnose psoriasis?,"Psoriasis is usually diagnosed by examining the skin, scalp and nails. A skin biopsy is occasionally done to rule out other conditions.",SyntheticMedQA-A,psoriasis,diagnosis
What are the risk factors for GERD?,&nbsp;,SyntheticMedQA-B,GERD,causes
Which medications are used for coronary artery disease?,"Coronary artery disease is treated with lifestyle changes, statins, aspirin, beta blockers and nitrates, and with angioplasty and stenting or bypass surgery when arteries are severely narrowed.",SyntheticMedQA-A,coronary artery disease,treatment
How can high blood pressure be managed?,"Hypertension is treated with lifestyle changes such as reducing salt and alcohol, plus medicines including ACE inhibitors, angiotensin receptor blockers, calcium channel blockers and thiazide diuretics.",SyntheticMedQA-A,hypertension,treatment
How do I know if I have adult-onset diabetes?,"Type 2 diabetes develops slowly and may cause increased thirst, frequent urination, tiredness, slow-healing sores, frequent infections and tingling in the hands or feet. Many people have no symptoms for years.",SyntheticMedQA-B,type 2 diabetes,symptoms
Is there a way to avoid varicella?,It depends.,SyntheticMedQA-B,chickenpox,prevention
Why do people get rheumatoid arthritis?,"  Rheumatoid   arthritis   is an autoimmune disease in which the immune system attacks the synovium lining the joints. Genetic factors, smoking and female sex increase the risk.
",SyntheticMedQA-A,rheumatoid arthritis,causes
Is there a way to avoid high blood pressure?,"Hypertension risk can be lowered by keeping a healthy weight, limiting sodium, following the DASH diet, exercising regularly, limiting alcohol and not smoking.",SyntheticMedQA-A,hypertension,prevention
What are the treatments for kidney stones?,"Small kidney stones often pass with fluids, pain relief and tamsulosin. Larger stones may need shock wave lithotripsy, ureteroscopy or percutaneous nephrolithotomy.",SyntheticMedQA-A,kidney stones,treatment
What are the signs of iron-deficiency anemia?,"Iron-deficiency anemia causes fatigue, weakness, pale skin, shortness of breath on exertion, dizziness, cold hands and feet, brittle nails and sometimes cravings for ice.",SyntheticMedQA-A,iron-deficiency anemia,symptoms
How can pneumonia be confirmed?,"Pneumonia is diagnosed by physical examination and a chest X-ray showing infiltrates. Blood tests, pulse oximetry and sputum cultures help judge severity and identify the organism.",SyntheticMedQA-A,pneumonia,diagnosis
What are the symptoms of urinary tract infection?,"A urinary tract infection causes a burning sensation when urinating, a frequent urge to urinate, cloudy or strong-smelling urine and pelvic pain.<br/>Fever and back pain suggest a kidney infection.",SyntheticMedQA-B,urinary tract infection,symptoms
"

What   tests   are used to diagnose osteoarthritis? 	","Osteoarthritis is diagnosed from symptoms and examination, with X-rays showing joint space narrowing and bone spurs. Blood tests are used to rule out inflammatory arthritis.",SyntheticMedQA-A,osteoarthritis,diagnosis
How can kidney stones be confirmed?,"Kidney stones are diagnosed with a non-contrast CT scan or ultrasound, together with urine tests for blood and infection and blood tests for kidney function and calcium.",SyntheticMedQA-A,kidney stones,diagnosis
What is the cause of clogged heart arteries?,"Advertisement Coronary artery disease is caused by atherosclerosis, the buildup of cholesterol plaque in the heart's arteries. Smoking, high LDL cholesterol, hypertension and diabetes are major risk factors.",SyntheticMedQA-A,coronary artery disease,causes
Which medications are used for asthma?,"Asthma is managed with inhaled corticosteroids for long-term control and short-acting bronchodilators such as albuterol for quick relief, along with avoiding known triggers and having a written action plan.",SyntheticMedQA-A,asthma,treatment
What does wheezing lung disease feel like?,"Asthma causes episodes of wheezing, shortness of breath, chest tightness and coughing, often worse at night or early morning and triggered by exercise, allergens or cold air.",SyntheticMedQA-B,asthma,symptoms
What should I know about hypertension?,"Share this article on Facebook. Hypertension is a common medical condition. Most hypertension is primary, linked to age, genetics, high salt intake, obesity, alcohol and inactivity. Secondary hypertension can be caused by kidney disease, sleep apnea, thyroid problems or some medications. Hypertension usually causes no symptoms, which is why it is called the silent killer. Very high readings can cause severe headache, chest pain, shortness of breath, nosebleeds or vision changes. Hypertension is diagnosed when repeated blood pressure readings are 130/80 mmHg or higher. Home or ambulatory monitoring helps confirm the diagnosis and rule out white-coat hypertension. Hypertension is treated with lifestyle changes such as reducing salt and alcohol, plus medicines including ACE inhibitors, angiotensin receptor blockers, calcium channel blockers and thiazide diuretics. Hypertension risk can be lowered by keeping a healthy weight, limiting sodium, following the DASH diet, exercising regularly, limiting alcohol and not smoking. Living with hypertension usually involves a long-term partnership with a healthcare team. Regular follow-up visits allow the treatment plan to be adjusted, side effects to be identified early and complications to be screened for. Patients are encouraged to keep a written record of their symptoms, medications and questions for each appointment, and to ask about reliable sources of education and local support groups. Family members can also benefit from learning about the condition. Any sudden worsening of symptoms should prompt urgent medical review rather than waiting for the next scheduled appointment.",SyntheticMedQA-B,hypertension,overview
What are the risk factors for pneumonia?,"Pneumonia is an infection of the air sacs of the lungs, most often caused by bacteria such as Streptococcus pneumoniae, viruses such as influenza &amp; RSV, or less commonly fungi.",SyntheticMedQA-A,pneumonia,causes
How is GERD diagnosed?,GERD is usually diagnosed from typical symptoms and response to acid-suppressing treatment. Upper endoscopy and esophageal pH monitoring are used when symptoms are atypical or severe.,SyntheticMedQA-B,GERD,diagnosis
How is major depressive disorder diagnosed?,"Major depressive disorder is diagnosed through a clinical interview using DSM-5 criteria. Questionnaires such as the PHQ-9 help screen and measure severity, and blood tests rule out thyroid disease.",SyntheticMedQA-A,major depressive disorder,diagnosis
Which test shows if I have the flu?,Influenza is usually diagnosed from symptoms during flu season. Rapid antigen tests or PCR on a nasal swab confirm the infection.,SyntheticMedQA-A,influenza,diagnosis
How do doctors check for acid reflux?,"

GERD   is   usually diagnosed from typical symptoms and response to acid-suppressing treatment. Upper endoscopy and esophageal pH monitoring are used when symptoms are atypical or severe.   ",SyntheticMedQA-B,GERD,diagnosis
How do I know if I have clogged heart arteries?,"Coronary artery disease can cause chest pain or pressure (angina) during exertion, shortness of breath and fatigue. The first sign may be a heart attack.",SyntheticMedQA-B,coronary artery disease,symptoms
How do I prevent hypertension?,"Hypertension risk can be lowered by keeping a healthy weight, limiting sodium, following the DASH diet, exercising regularly, limiting alcohol and not smoking. Share this article on Facebook.",SyntheticMedQA-A,hypertension,prevention
How do doctors check for clinical depression?,"	Read   more   » Major depressive disorder is diagnosed through a clinical interview using DSM-5 criteria. Questionnaires such as the PHQ-9 help screen and measure severity, and blood tests rule out thyroid disease.   ",SyntheticMedQA-A,major depressive disorder,diagnosis
How is major depressive disorder treated?,"Major depressive disorder is treated with psychotherapy such as cognitive behavioral therapy, antidepressants such as SSRIs, or both. Severe cases may need hospital care or electroconvulsive therapy.",SyntheticMedQA-A,major depressive disorder,treatment
What are the symptoms of chickenpox?,"Chickenpox causes an itchy rash of red spots that become fluid-filled blisters and then crust over, along with fever, tiredness and loss of appetite. Click here to subscribe to our newsletter for more health tips.",SyntheticMedQA-B,chickenpox,symptoms
How do I prevent psoriasis?,"Psoriasis flares can be reduced by moisturizing the skin, managing stress, avoiding skin injury, limiting alcohol and not smoking.. Consult a healthcare provider for more information.",SyntheticMedQA-B,psoriasis,prevention
How does someone develop renal calculi?,"Kidney stones form when urine contains more crystal-forming substances such as calcium oxalate or uric acid than the fluid can dilute. Dehydration, diet and some medical conditions contribute.",SyntheticMedQA-A,kidney stones,causes
How do I prevent hyperthyroidism?,&nbsp;,SyntheticMedQA-A,hyperthyroidism,prevention
What are the risk factors for migraine?,"Migraine is a neurological disorder involving activation of the trigeminovascular system. Common <b>triggers</b> include stress, hormonal changes, lack of sleep, skipped meals, alcohol and certain foods.",SyntheticMedQA-A,migraine,causes
"

What   does   brittle bones feel like?
","Osteoporosis usually has no symptoms until a bone breaks. Signs can include back pain from a collapsed vertebra, loss of height, a stooped posture and fractures from minor falls.",SyntheticMedQA-A,osteoporosis,symptoms
Can chronic obstructive pulmonary disease be prevented?,"The best way to prevent COPD is never to smoke or to quit smoking, and to reduce exposure to occupational dust, fumes and indoor air pollution.",SyntheticMedQA-B,COPD,prevention
Can clinical depression be prevented?,   ,SyntheticMedQA-B,major depressive disorder,prevention
Can high blood pressure be prevented?,"Hypertension risk can be lowered by keeping a healthy weight, limiting sodium, following the DASH diet, exercising regularly, limiting alcohol &amp; not smoking.",SyntheticMedQA-A,hypertension,prevention
What is the best treatment for bladder infection?,"

Uncomplicated   urinary   tract infections are treated with a short course of antibiotics such as nitrofurantoin or trimethoprim-sulfamethoxazole, plus fluids.   ",SyntheticMedQA-B,urinary tract infection,treatment
Can brain attack be prevented?,"

Stroke   can   be prevented by controlling blood pressure, treating atrial fibrillation with anticoagulants, not smoking, managing cholesterol and diabetes and staying active. 	",SyntheticMedQA-B,stroke,prevention
How do I prevent influenza?,"The annual flu vaccine is the best prevention against influenza, together with hand washing, covering coughs and staying home when sick.",SyntheticMedQA-B,influenza,prevention
Can juvenile diabetes be prevented?,There is currently no proven way to prevent type 1 diabetes. Consult a healthcare provider for more information.,SyntheticMedQA-B,type 1 diabetes,prevention
How do I know if I have clinical depression?,"Major depressive disorder causes persistent sadness or loss of interest for at least two weeks, with changes in sleep and appetite, low energy, poor concentration, feelings of worthlessness and sometimes thoughts of death.",SyntheticMedQA-B,major depressive disorder,symptoms
Which medications are used for major depressive disorder?,"Advertisement Major depressive disorder is treated with psychotherapy such as cognitive behavioral therapy, antidepressants such as SSRIs, or both. Severe cases may need hospital care or electroconvulsive therapy.",SyntheticMedQA-A,major depressive disorder,treatment
Which test shows if I have constant worrying?,"Generalized anxiety disorder is diagnosed by a clinician using DSM-5 criteria, often supported by the GAD-7 questionnaire, after excluding medical causes such as hyperthyroidism.. Consult a healthcare provider for more information.",SyntheticMedQA-A,generalized anxiety disorder,diagnosis
What does clogged heart arteries feel like?,"Coronary artery disease can cause chest pain or pressure (angina) during exertion, shortness of breath and fatigue. The first sign may be a heart attack.",SyntheticMedQA-B,coronary artery disease,symptoms
What should I know about type 1 diabetes?,"	Type   1   diabetes is a common medical condition. Type 1 diabetes is an autoimmune disease in which the immune system destroys the insulin-producing beta cells of the pancreas. Genetic susceptibility &amp; possibly environmental triggers such as viral infections are thought to play a role. Type 1 diabetes often causes increased thirst, frequent urination, unexplained weight loss, extreme hunger, fatigue and blurred vision. Symptoms can develop quickly over a few weeks, and some people first present with diabetic ketoacidosis. Type 1 diabetes is diagnosed with blood glucose tests such as fasting plasma glucose, HbA1c or a random glucose above 200 mg/dL with symptoms. Autoantibody tests and C-peptide levels help distinguish it from type 2 diabetes. Type 1 diabetes is treated with lifelong insulin therapy delivered by multiple daily injections or an insulin pump, together with blood glucose monitoring, carbohydrate counting and regular exercise. There is currently no proven way to prevent type 1 diabetes. Screening relatives for autoantibodies can identify people at high risk, and the drug teplizumab may delay onset in some of them. Living with type 1 diabetes usually involves a long-term partnership with a healthcare team. Regular follow-up visits allow the treatment plan to be adjusted, side effects to be identified early and complications to be screened for. Patients are encouraged to keep a written record of their symptoms, medications and questions for each appointment, and to ask about reliable sources of education and local support groups. Family members can also benefit from learning about the condition. Any sudden worsening of symptoms should prompt urgent medical review rather than waiting for the next scheduled appointment. Advertisement
",SyntheticMedQA-A,type 1 diabetes,overview
	How   does   someone develop bladder infection?   ,"  Urinary   tract   infections are usually caused by bacteria, most often Escherichia coli from the bowel, entering the urethra. Female anatomy, sexual activity &amp; urinary catheters raise the risk.
",SyntheticMedQA-B,urinary tract infection,causes
What is asthma?,"Asthma is a common medical condition. Asthma is caused by chronic inflammation and hyperresponsiveness of the airways. Genetics, allergies, early respiratory infections and exposure to tobacco smoke or pollution increase the risk. Asthma causes episodes of wheezing, shortness of breath, chest tightness and coughing, often worse at night or early morning and triggered by exercise, allergens or cold air. Asthma is diagnosed with a clinical history plus spirometry showing airflow obstruction that improves after a bronchodilator. Peak flow monitoring and FeNO testing can support the diagnosis. Asthma is managed with inhaled corticosteroids for long-term control and short-acting bronchodilators such as albuterol for quick relief, along with avoiding known triggers and having a written action plan. Asthma attacks can be prevented by taking controller medication as prescribed, avoiding triggers such as smoke and dust mites, getting the flu vaccine and monitoring peak flow. Living with asthma usually involves a long-term partnership with a healthcare team. Regular follow-up visits allow the treatment plan to be adjusted, side effects to be identified early and complications to be screened for. Patients are encouraged to keep a written record of their symptoms, medications and questions for each appointment, and to ask about reliable sources of education and local support groups. Family members can also benefit from learning about the condition. Any sudden worsening of symptoms should prompt urgent medical review rather than waiting for the next scheduled appointment.",SyntheticMedQA-A,asthma,overview
How do doctors check for renal calculi?,"

Kidney   stones   are diagnosed with a non-contrast CT scan or ultrasound, together with urine tests for blood and infection and blood tests for kidney function and calcium.
",SyntheticMedQA-A,kidney stones,diagnosis
What reduces the risk of major depressive disorder?,"The risk of depression relapse can be reduced by continuing treatment as advised, regular exercise, good sleep, social support and early help when symptoms return.",SyntheticMedQA-B,major depressive disorder,prevention
How can hypertension be confirmed?,Hypertension is diagnosed when repeated blood pressure readings are 130/80 mmHg or higher. Home or ambulatory monitoring helps confirm the diagnosis and rule out white-coat hypertension.,SyntheticMedQA-A,hypertension,diagnosis
What does brittle bones feel like?,Yes.,SyntheticMedQA-A,osteoporosis,symptoms
What is the cause of scaly skin plaques?,"

Psoriasis   is   a chronic immune-mediated disease that speeds up the skin cell life cycle. Genetics plays a role and flares can be triggered by stress, infections, skin injury and some medications.
",SyntheticMedQA-A,psoriasis,causes
What are the treatments for hypothyroidism?,"Hypothyroidism is treated with daily levothyroxine, a synthetic thyroid hormone, with the dose adjusted according to TSH levels checked every 6 to 8 weeks.",SyntheticMedQA-B,hypothyroidism,treatment
How can type 2 diabetes be prevented?,"Type 2 diabetes can often be prevented or delayed by losing 5 to 7 percent of body weight, exercising about 150 minutes per week and choosing a diet rich in fiber and low in refined sugar.",SyntheticMedQA-B,type 2 diabetes,prevention
  How   can   type 2 diabetes be confirmed? 	,"Type 2 diabetes is diagnosed when HbA1c is 6.5% or higher, fasting plasma glucose is 126 mg/dL or higher, or a 2-hour oral glucose tolerance test reading is 200 mg/dL or higher.",SyntheticMedQA-B,type 2 diabetes,diagnosis
How is chickenpox treated?,"Chickenpox is treated with rest, fluids, calamine lotion and antihistamines for itching, and paracetamol for fever. Aciclovir is used for adults and high-risk patients. Aspirin should be avoided in children.",SyntheticMedQA-B,chickenpox,treatment
What are the signs of chickenpox?,"Chickenpox causes an itchy rash of red spots that become fluid-filled blisters and then crust over, along with fever, tiredness and loss of appetite.",SyntheticMedQA-B,chickenpox,symptoms
How do I know if I have juvenile diabetes?,"Type 1 diabetes often causes increased thirst, frequent urination, unexplained weight loss, extreme hunger, fatigue and blurred vision. Symptoms can develop quickly over a few weeks, and some people first present with diabetic ketoacidosis.",SyntheticMedQA-A,type 1 diabetes,symptoms
What are the treatments for celiac disease?,"	The   only   treatment for celiac disease is a strict lifelong gluten-free diet, which allows the intestine to heal. Nutritional deficiencies such as iron and vitamin D are corrected. 	",SyntheticMedQA-A,celiac disease,treatment
What reduces the risk of celiac disease?,"Celiac disease cannot be prevented, but complications are prevented by strict gluten avoidance, and screening of first-degree relatives allows early diagnosis.",SyntheticMedQA-A,celiac disease,prevention
What are the signs of migraine?,"Migraine causes moderate to severe throbbing headache, usually on one side, lasting 4 to 72 hours, with nausea and sensitivity to light and sound. Some people have a visual aura beforehand.",SyntheticMedQA-A,migraine,symptoms
Which test shows if I have uric acid arthritis?,Gout is confirmed by finding urate crystals in joint fluid drawn with a needle. Serum uric acid levels and dual-energy CT or ultrasound support the diagnosis.,SyntheticMedQA-B,gout,diagnosis
How do doctors check for wheezing lung disease?,Asthma is diagnosed with a clinical history plus spirometry showing airflow obstruction that improves after a bronchodilator. Peak flow monitoring and FeNO testing can support the diagnosis.,SyntheticMedQA-A,asthma,diagnosis
What does renal calculi feel like?,"<p>Kidney stones cause severe sharp pain in the side and back that may spread to the lower abdomen and groin, blood in the urine, nausea, vomiting and frequent painful urination.</p>",SyntheticMedQA-A,kidney stones,symptoms
Which test shows if I have lung infection?,It depends.,SyntheticMedQA-A,pneumonia,diagnosis
How does someone develop chronic obstructive pulmonary disease?,&nbsp;,SyntheticMedQA-A,COPD,causes
IS THERE A WAY TO AVOID URIC ACID ARTHRITIS?,"

Gout   attacks   can be prevented by limiting alcohol, red meat and sugary drinks, staying hydrated, losing weight and taking urate-lowering medication when prescribed. 	",SyntheticMedQA-B,gout,prevention
What are the signs of migraine?,"Migraine causes moderate to severe throbbing headache, usually on one side, lasting 4 to 72 hours, with nausea and sensitivity to light and sound. Some people have a visual aura beforehand.",SyntheticMedQA-A,migraine,symptoms
Is there a way to avoid lung infection?,"Pneumonia can be prevented with pneumococcal and influenza vaccines, hand washing, not smoking and good management of chronic illnesses.",SyntheticMedQA-A,pneumonia,prevention
Which symptoms does rheumatoid arthritis cause?,"	Rheumatoid   arthritis   causes painful, swollen, warm joints, usually symmetrical in the small joints of the <b>hands</b> and feet, with morning stiffness lasting more than an hour and fatigue. 	",SyntheticMedQA-B,rheumatoid arthritis,symptoms
What are the symptoms of pneumonia?,"Pneumonia causes cough with phlegm, fever, chills, shortness of breath and sharp chest pain when breathing. Older adults may instead have confusion and a low body temperature.",SyntheticMedQA-A,pneumonia,symptoms
What are the risk factors for gout?,"Gout is caused by high levels of uric acid in the blood that form urate crystals in joints. Red meat, seafood, alcohol, sugary drinks, obesity and diuretics increase the risk.",SyntheticMedQA-B,gout,causes
What are the signs of urinary tract infection?,"	A   urinary   tract infection causes a burning sensation when urinating, a frequent urge to urinate, cloudy or strong-smelling urine and pelvic pain.<br/>Fever and back pain suggest a kidney infection. 	",SyntheticMedQA-B,urinary tract infection,symptoms
How can GERD be prevented?,Yes.,SyntheticMedQA-B,GERD,prevention
What is the cause of acid reflux?,"GERD occurs when the lower esophageal sphincter relaxes abnormally and stomach acid flows back into the esophagus. Obesity, hiatal hernia, pregnancy, smoking and large late meals contribute.",SyntheticMedQA-B,GERD,causes
???,asdf,unknown,,
Is there a way to avoid renal calculi?,"Kidney stones can be prevented by drinking enough water to produce about 2.5 liters of urine a day, reducing salt and animal protein, and getting normal amounts of dietary calcium.",SyntheticMedQA-B,kidney stones,prevention
What causes asthma?,"Asthma is caused by chronic inflammation and hyperresponsiveness of the airways. Genetics, allergies, early respiratory infections and exposure to tobacco smoke or pollution increase the risk.",SyntheticMedQA-B,asthma,causes
What are the risk factors for migraine?,"Migraine is a neurological disorder involving activation of the trigeminovascular system. Common <b>triggers</b> include stress, hormonal changes, lack of sleep, skipped meals, alcohol and certain foods.",SyntheticMedQA-A,migraine,causes
How can gout be prevented?,"Gout attacks can be prevented by limiting alcohol, red meat and sugary drinks, staying hydrated, losing weight and taking urate-lowering medication when prescribed.",SyntheticMedQA-B,gout,prevention
What are the risk factors for GERD?,"GERD occurs when the lower esophageal sphincter relaxes abnormally and stomach acid flows back into the esophagus. Obesity, hiatal hernia, pregnancy, smoking and large late meals contribute.",SyntheticMedQA-B,GERD,causes
How does someone develop renal calculi?,See a doctor.,SyntheticMedQA-A,kidney stones,causes
Is there a way to avoid chronic obstructive pulmonary disease?,"© 2019 HealthInfoSite. All rights reserved. The best way to prevent COPD is never to smoke or to quit smoking, and to reduce exposure to occupational dust, fumes and indoor air pollution.",SyntheticMedQA-B,COPD,prevention
How do I know if I have high blood pressure?,"Hypertension usually causes no symptoms, which is why it is called the silent killer. Very high readings can cause severe headache, chest pain, shortness of breath, nosebleeds or vision changes.",SyntheticMedQA-A,hypertension,symptoms
How is hyperthyroidism diagnosed?,Hyperthyroidism is diagnosed with a low TSH and high free T4 or T3.<br/>Thyroid antibodies and a radioactive iodine uptake scan help identify the cause.,SyntheticMedQA-A,hyperthyroidism,diagnosis
What are the risk factors for rheumatoid arthritis?,"

Rheumatoid   arthritis   is an autoimmune disease in which the immune system attacks the synovium lining the joints. Genetic factors, smoking and female sex increase the risk.
",SyntheticMedQA-A,rheumatoid arthritis,causes
How does someone develop constant worrying?,"Generalized anxiety disorder is linked to genetics, differences in brain chemistry, personality traits and stressful or traumatic experiences.",SyntheticMedQA-B,generalized anxiety disorder,causes
How can adult-onset diabetes be managed?,"Type 2 diabetes treatment starts with healthy eating, weight loss and physical activity, usually with metformin. Other options include SGLT2 inhibitors, GLP-1 receptor agonists and insulin.",SyntheticMedQA-A,type 2 diabetes,treatment
What are the signs of kidney stones?,"Kidney stones cause severe sharp pain in the side and back that may spread to the lower abdomen and groin, blood in the urine, nausea, vomiting and frequent painful urination.",SyntheticMedQA-A,kidney stones,symptoms
What tests are used to diagnose stroke?,"Stroke is diagnosed urgently with a CT or MRI scan of the brain to distinguish a clot from bleeding, along with blood tests and an ECG to look for atrial fibrillation. Click here to subscribe to our newsletter for more health tips.",SyntheticMedQA-B,stroke,diagnosis
Why do people get hypertension?,"Most hypertension is primary, linked to age, genetics, high salt intake, obesity, alcohol and inactivity. Secondary hypertension can be caused by kidney disease, sleep apnea, thyroid problems or some medications.",SyntheticMedQA-A,hypertension,causes
Can bladder infection be prevented?,"Urinary tract infections can be prevented by drinking plenty of fluids, urinating after intercourse, wiping front to back and avoiding irritating feminine products.",SyntheticMedQA-A,urinary tract infection,prevention
Why do people get hyperthyroidism?,"Hyperthyroidism <b>is</b> most commonly caused by Graves' disease. Toxic nodular goiter, thyroiditis and excess iodine or thyroid hormone medication are other causes. Advertisement",SyntheticMedQA-B,hyperthyroidism,causes
How do doctors check for clogged heart arteries?,"Coronary artery disease is diagnosed using an electrocardiogram, stress testing, coronary CT angiography and invasive coronary angiography.",SyntheticMedQA-A,coronary artery disease,diagnosis
What is the best treatment for chronic obstructive pulmonary disease?,"COPD treatment includes stopping smoking, long-acting bronchodilators (LAMA and LABA inhalers), pulmonary rehabilitation, vaccinations and oxygen therapy for people with low blood oxygen.",SyntheticMedQA-B,COPD,treatment
What are the symptoms of chickenpox?,"Chickenpox causes an itchy rash of red spots that become fluid-filled blisters and then crust over, along with fever, tiredness and loss of appetite. Click here to subscribe to our newsletter for more health tips.",SyntheticMedQA-B,chickenpox,symptoms
Why do people get urinary tract infection?,"Urinary tract infections are usually caused by bacteria, most often Escherichia coli from the bowel, entering the urethra. Female anatomy, sexual activity and urinary catheters raise the risk.",SyntheticMedQA-B,urinary tract infection,causes
How is GERD diagnosed?,<p></p>,SyntheticMedQA-B,GERD,diagnosis
How can coronary artery disease be prevented?,"Coronary artery disease can be prevented by not smoking, controlling blood pressure and cholesterol, managing diabetes, exercising regularly and eating a Mediterranean-style diet.",SyntheticMedQA-B,coronary artery disease,prevention
How can the flu be managed?,"<p>Influenza is treated with rest, fluids and fever reducers. Antiviral drugs such as oseltamivir work best when started within 48 hours and are recommended for high-risk patients.</p>",SyntheticMedQA-B,influenza,treatment
How can hyperthyroidism be prevented?,"Hyperthyroidism usually cannot be prevented, but avoiding excess iodine supplements and attending regular follow-up help detect relapse early.",SyntheticMedQA-A,hyperthyroidism,prevention
Which medications are used for generalized anxiety disorder?,Generalized anxiety disorder is treated with cognitive behavioral therapy and medications such as SSRIs or SNRIs. Relaxation techniques and exercise also help. Share this article on Facebook.,SyntheticMedQA-B,generalized anxiety disorder,treatment
How can stroke be prevented?,"Stroke can be prevented by controlling blood pressure, treating atrial fibrillation with anticoagulants, not smoking, managing cholesterol and diabetes and staying active.",SyntheticMedQA-B,stroke,prevention
"	Why   do   people get major depressive disorder?
","Major depressive disorder arises from a combination of genetic vulnerability, brain chemistry, stressful life events, trauma, chronic illness and certain medications.",SyntheticMedQA-A,major depressive disorder,causes
Is there a way to avoid wear-and-tear arthritis?,"Osteoarthritis risk can be reduced by maintaining a healthy weight, staying active with low-impact exercise, strengthening muscles and avoiding joint injuries.",SyntheticMedQA-A,osteoarthritis,prevention
"

What   causes   generalized anxiety disorder?
","Generalized anxiety disorder is linked to genetics, differences in brain chemistry, personality traits and stressful or traumatic experiences.",SyntheticMedQA-B,generalized anxiety disorder,causes
"

How   is   hypertension treated?
","Hypertension is treated with lifestyle changes such as reducing salt and alcohol, plus medicines including ACE inhibitors, angiotensin receptor blockers, calcium channel blockers and thiazide diuretics.",SyntheticMedQA-A,hypertension,treatment
Can wear-and-tear arthritis be prevented?,"Osteoarthritis risk can be reduced by maintaining a healthy weight, staying active with low-impact exercise, strengthening muscles and avoiding joint injuries.",SyntheticMedQA-A,osteoarthritis,prevention
Which symptoms does iron-deficiency anemia cause?,"Iron-deficiency anemia causes fatigue, weakness, pale skin, shortness of breath on exertion, dizziness, cold hands and feet, brittle nails and sometimes cravings for ice.",SyntheticMedQA-A,iron-deficiency anemia,symptoms
What are the risk factors for COPD?,"<p>COPD is mainly caused by long-term cigarette smoking. Occupational dust and chemicals, indoor smoke from cooking fuels and the genetic condition alpha-1 antitrypsin deficiency also contribute.</p>",SyntheticMedQA-A,COPD,causes
"	How   does   someone develop brain attack?
","Most strokes are ischemic, caused by a clot blocking blood flow to the brain. Hemorrhagic strokes are caused by bleeding from a ruptured blood vessel. Hypertension and atrial fibrillation are major risk factors.",SyntheticMedQA-B,stroke,causes
Which medications are used for coronary artery disease?,Varies.,SyntheticMedQA-A,coronary artery disease,treatment
,"Hyperthyroidism is treated with antithyroid drugs such as methimazole, radioactive iodine therapy or thyroid surgery. Beta blockers control symptoms like palpitations.",SyntheticMedQA-A,hyperthyroidism,treatment
What tests are used to diagnose chickenpox?,	Chickenpox   is   usually diagnosed from the characteristic rash. PCR testing of blister fluid can confirm the virus in unclear cases.   ,SyntheticMedQA-A,chickenpox,diagnosis
What does the flu feel like?,"Influenza causes sudden fever, chills, muscle aches, headache, dry cough, sore throat and extreme tiredness. Most people recover in one to two weeks.",SyntheticMedQA-A,influenza,symptoms
What should I know about COPD?,"COPD is a common medical condition. COPD is mainly caused by long-term cigarette smoking. Occupational dust and chemicals, indoor smoke from cooking fuels and the genetic condition alpha-1 antitrypsin deficiency also contribute. COPD causes a chronic cough with mucus, shortness of breath that worsens with activity, wheezing and frequent chest infections. Symptoms progress slowly over years. COPD is diagnosed by spirometry showing a post-bronchodilator FEV1/FVC ratio below 0.70 in a person with symptoms and risk factors. Chest imaging helps exclude other conditions. COPD treatment includes stopping smoking, long-acting bronchodilators (LAMA and LABA inhalers), pulmonary rehabilitation, vaccinations and oxygen therapy for people with low blood oxygen. The best way to prevent COPD is never to smoke or to quit smoking, and to reduce exposure to occupational dust, fumes and indoor air pollution. Living with COPD usually involves a long-term partnership with a healthcare team. Regular follow-up visits allow the treatment plan to be adjusted, side effects to be identified early and complications to be screened for. Patients are encouraged to keep a written record of their symptoms, medications and questions for each appointment, and to ask about reliable sources of education and local support groups. Family members can also benefit from learning about the condition. Any sudden worsening of symptoms should prompt urgent medical review rather than waiting for the next scheduled appointment.",SyntheticMedQA-B,COPD,overview
How is generalized anxiety disorder diagnosed?,"Read more » Generalized anxiety disorder is diagnosed by a clinician using DSM-5 criteria, often supported by the GAD-7 questionnaire, after excluding medical causes such as hyperthyroidism.",SyntheticMedQA-A,generalized anxiety disorder,diagnosis
How can type 1 diabetes be prevented?,"Advertisement There is currently no proven way to prevent type 1 diabetes. Screening relatives for autoantibodies can identify people at high risk, and the drug teplizumab may delay onset in some of them.",SyntheticMedQA-B,type 1 diabetes,prevention
Why do people get type 1 diabetes?,Type 1 diabetes is an autoimmune disease in which the immune system destroys the insulin-producing beta cells of the pancreas. Genetic susceptibility and possibly environmental triggers such as viral infections are thought to play a role.,SyntheticMedQA-A,type 1 diabetes,causes
How do I know if I have juvenile diabetes?,"Type 1 diabetes often causes increased thirst, frequent urination, unexplained weight loss, extreme hunger, fatigue and blurred vision. Symptoms can develop quickly over a few weeks, and some people first present with diabetic ketoacidosis.",SyntheticMedQA-A,type 1 diabetes,symptoms
,"Hyperthyroidism is most commonly caused by Graves' disease. Toxic nodular goiter, thyroiditis and excess iodine or thyroid hormone medication are other causes.",SyntheticMedQA-B,hyperthyroidism,causes
What are the treatments for osteoporosis?,"

Osteoporosis   is   treated with bisphosphonates such as alendronate, denosumab or bone-building drugs like teriparatide, plus calcium, vitamin D and fall prevention.   ",SyntheticMedQA-B,osteoporosis,treatment
Which test shows if I have the flu?,Influenza is usually diagnosed from symptoms during flu season. Rapid antigen tests or PCR on a nasal swab confirm the infection.,SyntheticMedQA-A,influenza,diagnosis
question,answer,unknown,,
How is type 2 diabetes treated?,"Advertisement Type 2 diabetes treatment starts with healthy eating, weight loss and physical activity, usually with metformin. Other options include SGLT2 inhibitors, GLP-1 receptor agonists and insulin.",SyntheticMedQA-A,type 2 diabetes,treatment
What is the best treatment for low iron?,"Iron-deficiency anemia is treated with oral iron supplements such as ferrous sulfate, or intravenous iron if tablets are not tolerated, while treating the source of blood loss.",SyntheticMedQA-A,iron-deficiency anemia,treatment
what are the symptoms of type 2 diabetes?,"<p>Type 2 diabetes develops slowly and may cause increased thirst, frequent urination, tiredness, slow-healing sores, frequent infections and tingling in the hands or feet. Many people have no symptoms for years.</p>",SyntheticMedQA-B,type 2 diabetes,symptoms
What are the risk factors for coronary artery disease?,"  Coronary   artery   disease is caused by atherosclerosis, the buildup of cholesterol plaque in the heart's arteries. Smoking, high LDL cholesterol, hypertension and diabetes are major risk factors.   ",SyntheticMedQA-A,coronary artery disease,causes
How do doctors check for inflammatory joint disease?,"

<p>Rheumatoid   arthritis   is diagnosed from joint examination plus blood tests for rheumatoid factor, anti-CCP antibodies, ESR and CRP, and imaging to look for joint erosions.</p> © 2019 HealthInfoSite. All rights reserved.   ",SyntheticMedQA-A,rheumatoid arthritis,diagnosis
What causes COPD?,"COPD is mainly caused by long-term cigarette smoking. Occupational dust and chemicals, indoor smoke from cooking fuels and the genetic condition alpha-1 antitrypsin deficiency also contribute.",SyntheticMedQA-A,COPD,causes
What is the cause of brain attack?,"Most strokes are ischemic, caused by a clot blocking blood flow to the brain. Hemorrhagic strokes are caused by bleeding from a ruptured blood vessel. Hypertension and atrial fibrillation are major risk factors.",SyntheticMedQA-B,stroke,causes
How does someone develop scaly skin plaques?,"Read more » Psoriasis is a chronic immune-mediated disease that speeds up the skin cell life cycle. Genetics plays a role and flares can be triggered by stress, infections, skin injury and some medications.",SyntheticMedQA-A,psoriasis,causes
What are the treatments for type 1 diabetes?,"<p>Type 1 diabetes is treated with lifelong insulin therapy delivered by multiple daily injections or an insulin pump, together with blood glucose monitoring, carbohydrate counting and regular exercise.</p>",SyntheticMedQA-A,type 1 diabetes,treatment
What is the cause of the flu?,"Influenza is caused by influenza A and B viruses that spread through respiratory droplets when infected people cough, sneeze or talk, and through contaminated surfaces.",SyntheticMedQA-A,influenza,causes
How do doctors check for high blood pressure ?,"	

Hypertension       is   diagnosed when repeated blood pressure readings are 130/80 mmHg or higher. Home or ambulatory monitoring helps confirm the diagnosis and rule out white-coat hypertension.
 	",SyntheticMedQA-A,hypertension,diagnosis
What does wheezing lung disease feel like?,"Asthma causes episodes of wheezing, shortness of breath, chest tightness and coughing, often worse at night or early morning and triggered by exercise, allergens or cold air.",SyntheticMedQA-B,asthma,symptoms
"

What   is   the best treatment for the flu? 	","Influenza is treated with rest, fluids and fever reducers. Antiviral drugs such as oseltamivir work best when started within 48 hours and are recommended for high-risk patients.",SyntheticMedQA-B,influenza,treatment
How do I prevent hyperthyroidism?,Ask your GP.,SyntheticMedQA-A,hyperthyroidism,prevention
How can clogged heart arteries be managed?,"Coronary artery disease is treated with lifestyle changes, statins, aspirin, beta blockers and nitrates, and with angioplasty and stenting or bypass surgery when arteries are severely narrowed.",SyntheticMedQA-A,coronary artery disease,treatment
How is migraine treated?,"Migraine attacks are treated with NSAIDs, triptans or gepants. Frequent migraines may need preventive therapy such as beta blockers, topiramate, amitriptyline or CGRP monoclonal antibodies.",SyntheticMedQA-B,migraine,treatment
Is there a way to avoid chronic obstructive pulmonary disease?,"© 2019 HealthInfoSite. All rights reserved. The best way to prevent COPD is never to smoke or to quit smoking, and to reduce exposure to occupational dust, fumes and indoor air pollution.",SyntheticMedQA-B,COPD,prevention
Can you give me an overview of asthma?,"	“Asthma   is   a common medical condition. Asthma is caused by chronic inflammation and hyperresponsiveness of the airways. Genetics, allergies, early respiratory infections and exposure to tobacco smoke or pollution increase the risk. Asthma causes episodes of wheezing, shortness of breath, chest tightness and coughing, often worse at night or early morning and triggered by exercise, allergens or cold air. Asthma is diagnosed with a clinical history plus spirometry showing airflow obstruction that improves after a bronchodilator. Peak flow monitoring and FeNO testing can support the diagnosis. Asthma is managed with inhaled corticosteroids for long-term control and short-acting bronchodilators such as albuterol for quick relief, along with avoiding known triggers and having a written action plan. Asthma attacks can be prevented by taking controller medication as prescribed, avoiding triggers such as smoke and dust mites, getting the flu vaccine and monitoring peak flow. Living with asthma usually involves a long-term partnership with a healthcare team. Regular follow-up visits allow the treatment plan to be adjusted, side effects to be identified early and complications to be screened for. Patients are encouraged to keep a written record of their symptoms, medications and questions for each appointment, and to ask about reliable sources of education and local support groups. Family members can also benefit from learning about the condition. Any sudden worsening of symptoms should prompt urgent medical review rather than waiting for the next scheduled appointment. © 2019 HealthInfoSite. All rights reserved.” 	",SyntheticMedQA-A,asthma,overview
What does brain attack feel like?,"Stroke causes sudden face drooping, arm or leg weakness on one side, slurred speech, confusion, vision loss or a severe headache. Remember FAST: face, arms, speech, time to call emergency services.",SyntheticMedQA-B,stroke,symptoms
Explain high blood pressure in detail.,"Hypertension is a common medical condition. Most hypertension is primary, linked to age, genetics, high salt intake, obesity, alcohol and inactivity. Secondary hypertension can be caused by kidney disease, sleep apnea, thyroid problems or some medications. Hypertension usually causes no symptoms, which is why it is called the silent killer. Very high readings can cause severe headache, chest pain, shortness of breath, nosebleeds or vision changes. Hypertension is diagnosed when repeated blood pressure readings are 130/80 mmHg or higher. Home or ambulatory monitoring helps confirm the diagnosis and rule out white-coat hypertension. Hypertension is treated with lifestyle changes such as reducing salt and alcohol, plus medicines including ACE inhibitors, angiotensin receptor blockers, calcium channel blockers and thiazide diuretics. Hypertension risk can be lowered by keeping a healthy weight, limiting sodium, following the DASH diet, exercising regularly, limiting alcohol and not smoking. Living with hypertension usually involves a long-term partnership with a healthcare team. Regular follow-up visits allow the treatment plan to be adjusted, side effects to be identified early and complications to be screened for. Patients are encouraged to keep a written record of their symptoms, medications and questions for each appointment, and to ask about reliable sources of education and local support groups. Family members can also benefit from learning about the condition. Any sudden worsening of symptoms should prompt urgent medical review rather than waiting for the next scheduled appointment. Read more »",SyntheticMedQA-B,hypertension,overview
What tests are used to diagnose COPD?,COPD is diagnosed by spirometry showing a post-bronchodilator FEV1/FVC ratio below 0.70 in a person with symptoms and risk factors. Chest imaging helps exclude other conditions.,SyntheticMedQA-A,COPD,diagnosis
How do I prevent coronary artery disease?,"Coronary artery disease can be prevented by not smoking, controlling blood pressure and cholesterol, managing diabetes, exercising regularly and eating a Mediterranean-style diet.",SyntheticMedQA-B,coronary artery disease,prevention
How do doctors check for wear-and-tear arthritis?,"  Osteoarthritis   is   diagnosed from symptoms and examination, with X-rays showing joint space narrowing and bone spurs. Blood tests are used to rule out inflammatory arthritis. 	",SyntheticMedQA-A,osteoarthritis,diagnosis
How do I prevent psoriasis?,"Psoriasis flares can be reduced by moisturizing the skin, managing stress, avoiding skin injury, limiting alcohol and not smoking.",SyntheticMedQA-B,psoriasis,prevention
What are the treatments for osteoporosis?,"

Osteoporosis   is   treated with bisphosphonates such as alendronate, denosumab or bone-building drugs like teriparatide, plus calcium, vitamin D and fall prevention.   ",SyntheticMedQA-B,osteoporosis,treatment
What tests are used to diagnose urinary tract infection?,A urinary tract infection is diagnosed with a urine dipstick test for nitrites and leukocytes and <b>confirmed</b> by a urine culture that identifies the bacteria. Advertisement,SyntheticMedQA-B,urinary tract infection,diagnosis
What reduces the risk of hypothyroidism?,"Most hypothyroidism cannot be prevented, but adequate dietary iodine prevents the iodine-deficiency form, &amp; screening allows early treatment.",SyntheticMedQA-B,hypothyroidism,prevention
How do I prevent osteoporosis?,"  Osteoporosis can be prevented   with   weight-bearing exercise, adequate calcium and vitamin D, avoiding smoking and excess alcohol, and screening women over 65. 	",SyntheticMedQA-A,osteoporosis,prevention
How is type 2 diabetes diagnosed?,"Type 2 diabetes is diagnosed when HbA1c is 6.5% or higher, fasting plasma glucose is 126 mg/dL or higher, or a 2-hour oral glucose tolerance test reading is 200 mg/dL or higher.",SyntheticMedQA-B,type 2 diabetes,diagnosis
lorem ipsum,lorem ipsum,unknown,,
What is the best treatment for severe recurring headaches?,"Migraine attacks are treated with NSAIDs, triptans or gepants. Frequent migraines may need preventive therapy such as beta blockers, topiramate, amitriptyline or CGRP monoclonal antibodies.",SyntheticMedQA-B,migraine,treatment
can inflammatory joint disease be prevented?,"<p>Share this article on Facebook. Rheumatoid arthritis cannot be fully prevented, but not smoking lowers the risk and early treatment prevents permanent joint damage.</p>",SyntheticMedQA-A,rheumatoid arthritis,prevention
What are the symptoms of psoriasis?,"Psoriasis causes thick red patches of skin covered with silvery scales, commonly on the elbows, knees, scalp and lower back, which may itch or crack. Nail pitting is common.",SyntheticMedQA-B,psoriasis,symptoms
What are the signs of osteoarthritis?,"Osteoarthritis causes joint pain that worsens with use, stiffness after rest, reduced range of motion, swelling and a grating sensation, commonly in the knees, hips and hands. Share this article on Facebook.",SyntheticMedQA-B,osteoarthritis,symptoms
Which symptoms does generalized anxiety disorder cause?,"Generalized anxiety disorder causes excessive, hard-to-control worry on most days for at least six months, with restlessness, fatigue, irritability, muscle tension and trouble sleeping.",SyntheticMedQA-A,generalized anxiety disorder,symptoms
What reduces the risk of coronary artery disease?,"	Coronary   artery   disease can be prevented by not smoking, controlling blood pressure and cholesterol, managing diabetes, exercising regularly and eating a Mediterranean-style diet.
",SyntheticMedQA-B,coronary artery disease,prevention
Which medications are used for hyperthyroidism?,"Hyperthyroidism is treated with antithyroid drugs such as methimazole, radioactive iodine therapy or thyroid surgery. Beta blockers control symptoms like palpitations.",SyntheticMedQA-A,hyperthyroidism,treatment
How is osteoarthritis treated?,"Osteoarthritis is managed with exercise, weight loss, physical therapy, topical or oral NSAIDs &amp; joint injections. Severe cases may need joint replacement surgery.",SyntheticMedQA-A,osteoarthritis,treatment
How do doctors check for brain attack?,&nbsp;,SyntheticMedQA-B,stroke,diagnosis
How is iron-deficiency anemia diagnosed?,"Iron-deficiency anemia is diagnosed with a complete blood count showing low hemoglobin &amp; small red cells, plus low serum ferritin. The underlying cause of iron loss should be investigated.",SyntheticMedQA-A,iron-deficiency anemia,diagnosis
What tests are used to diagnose coronary artery disease?,"Coronary artery disease is diagnosed using an electrocardiogram, stress testing, coronary CT angiography and invasive coronary angiography.",SyntheticMedQA-A,coronary artery disease,diagnosis
What is the best treatment for juvenile diabetes?,"  Type   1   diabetes is treated with lifelong insulin therapy delivered by multiple daily injections or an insulin pump, together with blood glucose monitoring, carbohydrate counting and regular exercise. 	",SyntheticMedQA-A,type 1 diabetes,treatment
What reduces the risk of influenza?,"The annual flu vaccine is the best prevention against influenza, together with hand washing, covering coughs and staying home when sick.",SyntheticMedQA-B,influenza,prevention
Can you give me an overview of COPD?,"COPD is a common medical condition. COPD is mainly caused by long-term cigarette smoking. Occupational dust and chemicals, indoor smoke from cooking fuels and the genetic condition alpha-1 antitrypsin deficiency also contribute. COPD causes a chronic cough with mucus, shortness of breath that worsens with activity, wheezing and frequent chest infections. Symptoms progress slowly over years. COPD is diagnosed by spirometry showing a post-bronchodilator FEV1/FVC ratio below 0.70 in a person with symptoms and risk factors. Chest imaging helps exclude other conditions. COPD treatment includes stopping smoking, long-acting bronchodilators (LAMA and LABA inhalers), pulmonary rehabilitation, vaccinations and oxygen therapy for people with low blood oxygen. The best way to prevent COPD is never to smoke or to quit smoking, and to reduce exposure to occupational dust, fumes and indoor air pollution. Living with COPD usually involves a long-term partnership with a healthcare team. Regular follow-up visits allow the treatment plan to be adjusted, side effects to be identified early and complications to be screened for. Patients are encouraged to keep a written record of their symptoms, medications and questions for each appointment, and to ask about reliable sources of education and local support groups. Family members can also benefit from learning about the condition. Any sudden worsening of symptoms should prompt urgent medical review rather than waiting for the next scheduled appointment.",SyntheticMedQA-B,COPD,overview
How do I prevent hyperthyroidism?,"Hyperthyroidism usually cannot be prevented, but avoiding excess iodine supplements and attending regular follow-up help detect relapse early. Read more »",SyntheticMedQA-A,hyperthyroidism,prevention
How can type 1 diabetes be confirmed?,"Type 1 diabetes is diagnosed with blood glucose tests such as fasting plasma glucose, HbA1c or a random glucose above 200 mg/dL with symptoms. Autoantibody tests and C-peptide levels help distinguish it from type 2 diabetes.",SyntheticMedQA-A,type 1 diabetes,diagnosis
How can uric acid arthritis be managed?,"Gout ​flares ​are treated with NSAIDs, colchicine or corticosteroids. Long-term urate-lowering therapy with allopurinol or febuxostat prevents further attacks.",SyntheticMedQA-B,gout,treatment
What tests are used to diagnose osteoporosis?,  Click   here   to subscribe to our newsletter for more health tips. Osteoporosis is diagnosed with a DXA bone density scan; a T-score of -2.5 or lower confirms it. The FRAX tool estimates 10-year fracture risk. 	,SyntheticMedQA-B,osteoporosis,diagnosis
What should I know about migraine?,"Migraine is a common medical condition.<br/>Migraine is a neurological disorder involving activation of the trigeminovascular system. Common triggers include stress, hormonal changes, lack of sleep, skipped meals, alcohol and certain foods. Migraine causes moderate to severe throbbing headache, usually on one side, lasting 4 to 72 hours, with nausea and sensitivity to light and sound. Some people have a visual aura beforehand. Migraine is diagnosed clinically based on the pattern of headaches and associated symptoms. Brain imaging is only needed when there are red-flag features such as a sudden severe headache or neurological deficits. Migraine attacks are treated with NSAIDs, triptans or gepants. Frequent migraines may need preventive therapy such as beta blockers, topiramate, amitriptyline or CGRP monoclonal antibodies. Migraine frequency can be reduced by keeping a headache diary, regular sleep and meals, staying hydrated, managing stress and avoiding identified triggers. Living with migraine usually involves a long-term partnership with a healthcare team. Regular follow-up visits allow the treatment plan to be adjusted, side effects to be identified early and complications to be screened for. Patients are encouraged to keep a written record of their symptoms, medications and questions for each appointment, and to ask about reliable sources of education and local support groups. Family members can also benefit from learning about the condition. Any sudden worsening of symptoms should prompt urgent medical review rather than waiting for the next scheduled appointment.",SyntheticMedQA-B,migraine,overview
"  Why   do   people get type 2 diabetes?
","Type 2 diabetes results from insulin resistance combined with a gradual decline in insulin production. Excess body weight, physical inactivity, family history and older age increase the risk.",SyntheticMedQA-A,type 2 diabetes,causes
How do doctors check for brain attack?,"Stroke is diagnosed urgently with a CT or MRI scan of the brain to distinguish a clot from bleeding, along with blood tests and an ECG to look for atrial fibrillation.",SyntheticMedQA-B,stroke,diagnosis
Which symptoms does GERD cause?,"GERD causes heartburn, a burning feeling in the chest after meals, regurgitation of sour liquid, difficulty swallowing, chronic cough and hoarseness.",SyntheticMedQA-A,GERD,symptoms
What are the risk factors for gout?,"Gout is caused by high levels of uric acid in the blood that form urate crystals in joints. Red meat, seafood, alcohol, sugary drinks, obesity and diuretics increase the risk.",SyntheticMedQA-B,gout,causes
Which test shows if I have lung infection?,&nbsp;,SyntheticMedQA-A,pneumonia,diagnosis
Which symptoms does pneumonia cause?,"Pneumonia causes cough with phlegm, fever, chills, shortness of breath and sharp chest pain when breathing. Older adults may instead have confusion and a low body temperature.",SyntheticMedQA-A,pneumonia,symptoms
Which medications are used for kidney stones?,"<p>Small kidney stones often pass with fluids, pain relief and tamsulosin. Larger stones may need shock wave lithotripsy, ureteroscopy or percutaneous nephrolithotomy.</p>",SyntheticMedQA-A,kidney stones,treatment
Can renal calculi be prevented?,"Kidney stones can be prevented by drinking enough water to produce about 2.5 liters of urine a day, reducing salt and animal protein, and getting normal amounts of dietary calcium.",SyntheticMedQA-B,kidney stones,prevention
How do doctors check for chronic obstructive pulmonary disease?,COPD is diａgnosed by spirometry showing ａ post-bronchodilator FEV1/FVC ratio below 0.70 in a person with symptoms and risk factors. Chest imaging helps exclude other conditions.,SyntheticMedQA-A,COPD,diagnosis
Which test shows if I have varicella?,Chickenpox is usually diagnosed from the characteristic rash. PCR testing of blister fluid can confirm the virus in unclear cases.,SyntheticMedQA-A,chickenpox,diagnosis
Which medications are used for gout?,"Gout flares are treated with NSAIDs, colchicine or corticosteroids. Long-term urate-lowering therapy with allopurinol or febuxostat prevents further attacks.",SyntheticMedQA-B,gout,treatment
How do doctors check for severe recurring headaches?,"

Migraine   is   diagnosed clinically based on the pattern of headaches and associated symptoms. Brain imaging is only needed when there are red-flag features such as a sudden severe headache or neurological deficits. 	",SyntheticMedQA-A,migraine,diagnosis
What is the best treatment for constant worrying?,Generalized ​anxiety ​disorder is treated with cognitive behavioral therapy and medications such as SSRIs or SNRIs. Relaxation techniques and exercise also help.,SyntheticMedQA-B,generalized anxiety disorder,treatment
What are the treatments for migraine?,"Migraine attacks are treated with NSAIDs, triptans or gepants. Frequent migraines may need preventive therapy such as beta blockers, topiramate, amitriptyline or CGRP monoclonal antibodies.",SyntheticMedQA-B,migraine,treatment
What are the signs of influenza?,"Influenza causes sudden fever, chills, muscle aches, headache, dry cough, sore throat and extreme tiredness. Most people recover in one to two weeks.",SyntheticMedQA-A,influenza,symptoms
what are the symptoms of kidney stones?,"

Kidney   stones  <b></b> cause severe sharp pain in the side and back that may spread to the lower abdomen and groin, blood in the urine, nausea, vomiting and frequent painful urination. 	",SyntheticMedQA-A,kidney stones,symptoms
How is urinary tract infection diagnosed?,A urinary tract infection is diagnosed with a urine dipstick test for nitrites and leukocytes and confirmed by a urine culture that identifies the bacteria.,SyntheticMedQA-B,urinary tract infection,diagnosis
What are the symptoms of type 1 diabetes?,"Type ​1 ​diabetes often causes increased thirst, frequent urination, unexplained weight loss, extreme hunger, fatigue and blurred vision. Symptoms can develop quickly over a few weeks, and some people first present with diabetic ketoacidosis.",SyntheticMedQA-A,type 1 diabetes,symptoms
What are the signs of migraine?,"Migraine causes moderate to severe throbbing headache, usually on one side, lasting 4 to 72 hours, with nausea and sensitivity to light and sound. Some people have a visual aura beforehand.",SyntheticMedQA-A,migraine,symptoms
How can overactive thyroid be managed?,"Click here to subscribe to our newsletter for more health tips. Hyperthyroidism is treated with antithyroid drugs such as methimazole, radioactive iodine therapy or thyroid surgery. Beta blockers control symptoms like palpitations.",SyntheticMedQA-A,hyperthyroidism,treatment
Which symptoms does pneumonia cause?,"Pneumonia causes cough with phlegm, fever, chills, shortness of breath and sharp chest pain when breathing. Older adults may instead have confusion and a low body temperature.",SyntheticMedQA-A,pneumonia,symptoms
How is stroke diagnosed?,"“Stroke is diagnosed urgently with a CT or MRI scan of the brain to distinguish a clot from bleeding, along with blood tests and an ECG to look for atrial fibrillation.”",SyntheticMedQA-B,stroke,diagnosis
Why do people get osteoarthritis?,"	Osteoarthritis   develops   as the cartilage cushioning the joints breaks down over time. Age, obesity, joint injury, repetitive stress and genetics increase the risk. 	",SyntheticMedQA-B,osteoarthritis,causes
How can uric acid arthritis be managed?,"Gout ​flares ​are treated with NSAIDs, colchicine or corticosteroids. Long-term urate-lowering therapy with allopurinol or febuxostat prevents further attacks.",SyntheticMedQA-B,gout,treatment
What is the best treatment for high blood pressure?,"“Hypertension is treated with lifestyle changes such as reducing salt and alcohol, plus medicines including ACE inhibitors, angiotensin receptor blockers, calcium channel blockers and thiazide diuretics.”",SyntheticMedQA-A,hypertension,treatment
What should I know about type 2 diabetes?,"

©   2019   HealthInfoSite. All rights reserved. Type 2 diabetes is a common medical condition. Type 2 diabetes results from insulin resistance combined with a gradual decline in insulin production. Excess body weight, physical inactivity, family history and older age increase the risk. Type 2 diabetes develops slowly and may cause increased thirst, frequent urination, tiredness, slow-healing sores, frequent infections and tingling in the hands or feet. Many people have no symptoms for years. Type 2 diabetes is diagnosed when HbA1c is 6.5% or higher, fasting plasma glucose is 126 mg/dL or higher, or a 2-hour oral glucose tolerance test reading is 200 mg/dL or higher. Type 2 diabetes treatment starts with healthy eating, weight loss and physical activity, usually with metformin. Other options include SGLT2 inhibitors, GLP-1 receptor agonists and insulin. Type 2 diabetes can often be prevented or delayed by losing 5 to 7 percent of body weight, exercising about 150 minutes per week and choosing a diet rich in fiber and low in refined sugar. Living with type 2 diabetes usually involves a long-term partnership with a healthcare team. Regular follow-up visits allow the treatment plan to be adjusted, side effects to be identified early and complications to be screened for. Patients are encouraged to keep a written record of their symptoms, medications and questions for each appointment, and to ask about reliable sources of education and local support groups. Family members can also benefit from learning about the condition. Any sudden worsening of symptoms should prompt urgent medical review rather than waiting for the next scheduled appointment.
",SyntheticMedQA-B,type 2 diabetes,overview
"

How   is   hyperthyroidism treated?
","Hyperthyroidism is treated with antithyroid drugs such as methimazole, radioactive iodine therapy or thyroid surgery. Beta blockers control symptoms like palpitations.",SyntheticMedQA-A,hyperthyroidism,treatment
How can COPD be prevented?,"	The   best   way to prevent COPD is never to smoke or to quit smoking, and to reduce exposure to occupational dust, fumes and indoor air pollution.   ",SyntheticMedQA-B,COPD,prevention
How is urinary tract infection treated?,"Uncomplicated urinary tract infections are treated with a short course of antibiotics such as nitrofurantoin or trimethoprim-sulfamethoxazole, plus fluids.",SyntheticMedQA-B,urinary tract infection,treatment
Which test shows if I have underactive thyroid?,,SyntheticMedQA-B,hypothyroidism,diagnosis
How can kidney stones be confirmed?,   ,SyntheticMedQA-A,kidney stones,diagnosis
How can type 2 diabetes be prevented?,"Type 2 diabetes can often be prevented or delayed by losing 5 to 7 percent of body weight, exercising about 150 minutes per week and choosing a diet rich in fiber and low in refined sugar.",SyntheticMedQA-B,type 2 diabetes,prevention
Can lung infection be prevented?,"Pneumonia can be prevented with pneumococcal and influenza vaccines, hand washing, not smoking and good management of chronic illnesses.",SyntheticMedQA-A,pneumonia,prevention
How can chronic obstructive pulmonary disease be managed?,"COPD treatment includes stopping smoking, long-acting bronchodilators (LAMA and LABA inhalers), pulmonary rehabilitation, vaccinations and oxygen therapy for people with low blood oxygen.",SyntheticMedQA-B,COPD,treatment
How do I know if I have severe recurring headaches?,"<p>Migraine causes moderate to severe throbbing headache, usually on one side, lasting 4 to 72 hours, with nausea and sensitivity to light and sound. Some people have a visual aura beforehand.</p> © 2019 HealthInfoSite. All rights reserved.",SyntheticMedQA-A,migraine,symptoms
What is the best treatment for gluten intolerance?,"<p>The only treatment for celiac disease is a strict lifelong gluten-free diet, which allows the intestine to heal. Nutritional deficiencies such as iron and vitamin D are corrected.</p>",SyntheticMedQA-A,celiac disease,treatment
What are the symptoms of kidney stones?,"

Kidney   stones   cause severe sharp pain in the side and back that may spread to the lower abdomen and groin, blood in the urine, nausea, vomiting and frequent painful urination. 	",SyntheticMedQA-A,kidney stones,symptoms
Is there a way to avoid chronic obstructive pulmonary disease?,"© 2019 HealthInfoSite. All rights reserved. The best way to prevent COPD is never to smoke or to quit smoking, and to reduce exposure to occupational dust, fumes and indoor air pollution.",SyntheticMedQA-B,COPD,prevention
  What   does   clinical depression feel like? 	,"Major depressive disorder causes persistent sadness or loss of interest for at least two weeks, with changes in sleep and appetite, low energy, poor concentration, feelings of worthlessness and sometimes thoughts of death.",SyntheticMedQA-B,major depressive disorder,symptoms
What are the signs of GERD?,"GERD causes heartburn, a burning feeling in the chest after meals, regurgitation of sour liquid, difficulty swallowing, chronic cough and hoarseness.",SyntheticMedQA-A,GERD,symptoms
Which symptoms does COPD cause?,"COPD causes a chronic cough with mucus, shortness of breath that worsens with activity, wheezing and frequent chest infections. Symptoms progress slowly over years.",SyntheticMedQA-A,COPD,symptoms
How do I know if I have scaly skin plaques?,"Psoriasis causes thick red patches of skin covered with silvery scales, commonly on the elbows, knees, scalp and lower back, which may itch or crack. Nail pitting is common.",SyntheticMedQA-B,psoriasis,symptoms
What is the best treatment for lung infection?,"	Advertisement   Bacterial   pneumonia is treated with antibiotics such as amoxicillin or a macrolide. Rest, fluids and fever control help recovery, <b>and</b> severe cases need hospital care and oxygen.
",SyntheticMedQA-B,pneumonia,treatment
How can juvenile diabetes be managed?,"Type 1 diabetes is treated with lifelong insulin therapy delivered by multiple daily injections or an insulin pump, together with blood glucose monitoring, carbohydrate counting and regular exercise.",SyntheticMedQA-A,type 1 diabetes,treatment
What tests are used to diagnose hypertension?,Hypertension is diagnosed when repeated blood pressure readings are 130/80 mmHg or higher. Home or ambulatory monitoring helps confirm the diagnosis and rule out white-coat hypertension.,SyntheticMedQA-A,hypertension,diagnosis
Which symptoms does stroke cause?,"Stroke causes sudden face drooping, arm or leg weakness on one side, slurred speech, confusion, vision loss or a severe headache. Remember FAST: face, arms, speech, time to call emergency services. Share this article on Facebook.",SyntheticMedQA-B,stroke,symptoms
Can constant worrying be prevented?,"Anxiety symptoms can be reduced by regular physical activity, limiting caffeine and alcohol, good sleep habits, stress management and seeking help early.",SyntheticMedQA-A,generalized anxiety disorder,prevention
How does someone develop the flu?,<p></p>,SyntheticMedQA-A,influenza,causes
Which medications are used for stroke?,Ischemic stroke is treated with clot-busting thrombolysis within 4.5 hours or mechanical thrombectomy. Hemorrhagic stroke management focuses on controlling bleeding &amp; blood pressure.,SyntheticMedQA-B,stroke,treatment
Is there a way to avoid adult-onset diabetes?,"Type 2 diabetes can often be prevented or delayed by losing 5 to 7 percent of body weight, exercising about 150 minutes per week and choosing a diet rich in fiber and low in refined sugar.",SyntheticMedQA-B,type 2 diabetes,prevention
What does uric acid arthritis feel like?,"Gout causes sudden attacks of intense pain, redness, warmth and swelling in a joint, most often the base of the big toe, frequently starting at night.",SyntheticMedQA-A,gout,symptoms
What are the signs of COPD?,"COPD causes a chronic cough with mucus, shortness of breath that worsens with activity, wheezing and frequent chest infections. Symptoms progress slowly over years.",SyntheticMedQA-A,COPD,symptoms
Is there a way to avoid bladder infection?,"	Urinary   tract   infections can be prevented by drinking plenty of fluids, urinating after intercourse, wiping front to back and avoiding irritating feminine products.   ",SyntheticMedQA-A,urinary tract infection,prevention
Can you give me an overview of type 2 diabetes?,"Type 2 diabetes is a common medical condition. Type 2 diabetes results from insulin resistance combined with a gradual decline in insulin production. Excess body weight, physical inactivity, family history and older age increase the risk. Type 2 diabetes develops slowly and may cause increased thirst, frequent urination, tiredness, slow-healing sores, frequent infections and tingling in the hands or feet. Many people have no symptoms for years. Type 2 diabetes is diagnosed when HbA1c is 6.5% or higher, fasting plasma glucose is 126 mg/dL or higher, or a 2-hour oral glucose tolerance test reading is 200 mg/dL or higher. Type 2 diabetes treatment starts with healthy eating, weight loss and physical activity, usually with metformin. Other options include SGLT2 inhibitors, GLP-1 receptor agonists and insulin. Type 2 diabetes can often be prevented or delayed by losing 5 to 7 percent of body weight, exercising about 150 minutes per week and choosing a diet rich in fiber and low in refined sugar. Living with type 2 diabetes usually involves a long-term partnership with a healthcare team. Regular follow-up visits allow the treatment plan to be adjusted, side effects to be identified early and complications to be screened for. Patients are encouraged to keep a written record of their symptoms, medications and questions for each appointment, and to ask about reliable sources of education and local support groups. Family members can also benefit from learning about the condition. Any sudden worsening of symptoms should prompt urgent medical review rather than waiting for the next scheduled appointment.",SyntheticMedQA-B,type 2 diabetes,overview
Which medications are used for celiac disease?,"The only treatment for celiac disease is a strict lifelong gluten-free diet, which allows the intestine to heal. Nutritional deficiencies such as iron and vitamin D are corrected.",SyntheticMedQA-A,celiac disease,treatment
What is the best treatment for inflammatory joint disease?,"Share this article on Facebook. Rheumatoid arthritis is treated early with disease-modifying drugs such as methotrexate, plus biologics like TNF inhibitors when needed, and short courses of steroids for flares.",SyntheticMedQA-B,rheumatoid arthritis,treatment
How is rheumatoid arthritis treated?,"Rheumatoid arthritis is treated early with disease-modifying drugs such as methotrexate, plus biologics like TNF inhibitors when needed, and short courses of steroids for flares.",SyntheticMedQA-B,rheumatoid arthritis,treatment
What is the cause of wear-and-tear arthritis?,"Osteoarthritis develops as the cartilage cushioning the joints breaks down over time.<br/>Age, obesity, joint injury, repetitive stress and genetics increase the risk.",SyntheticMedQA-B,osteoarthritis,causes
What is the cause of renal calculi?,"Kidney stones form when urine contains more crystal-forming substances such as calcium oxalate or uric acid than the fluid can dilute. Dehydration, diet and some medical conditions contribute.",SyntheticMedQA-A,kidney stones,causes
Which test shows if I have overactive thyroid?,Hyperthyroidism is diagnosed with a low TSH and high free T4 or T3. Thyroid antibodies and a radioactive iodine uptake scan help identify the cause.,SyntheticMedQA-A,hyperthyroidism,diagnosis
HOW DOES SOMEONE DEVELOP BRITTLE BONES?,"  Osteoporosis   occurs   when bone loss outpaces new bone formation. Menopause, aging, low calcium and vitamin D, steroid use, smoking and low body weight <b>increase</b> the risk. Click here to subscribe to our newsletter for more health tips.
",SyntheticMedQA-A,osteoporosis,causes
,"The only treatment for celiac disease is a strict lifelong gluten-free diet, which allows the intestine to heal. Nutritional deficiencies such as iron and vitamin D are corrected.",SyntheticMedQA-A,celiac disease,treatment
WHAT REDUCES THE RISK OF IRON-DEFICIENCY ANEMIA?,"Iron-deficiency anemia can be prevented by eating iron-rich foods such as red meat, beans and leafy greens with vitamin C, and by iron supplementation during pregnancy when advised.",SyntheticMedQA-A,iron-deficiency anemia,prevention
What are the signs of asthma?,"  Asthma   causes   episodes of wheezing, shortness of breath, chest tightness and coughing, often worse at night or early morning and triggered by exercise, allergens or cold air.   ",SyntheticMedQA-B,asthma,symptoms
What reduces the risk of pneumonia?,"Click here to subscribe to our newsletter for more health tips. Pneumonia can be prevented with pneumococcal and influenza vaccines, hand washing, <b>not</b> smoking and good management of chronic illnesses.",SyntheticMedQA-A,pneumonia,prevention
Which test shows if I have wear-and-tear arthritis?,"Read more » Osteoarthritis is diagnosed from symptoms and examination, with X-rays showing joint space narrowing and bone spurs. Blood tests are used to rule out inflammatory arthritis.",SyntheticMedQA-A,osteoarthritis,diagnosis
What are the treatments for type 1 diabetes?,"<p>Type 1 diabetes is treated with lifelong insulin therapy delivered by multiple daily injections or an insulin pump, together with blood glucose monitoring, carbohydrate counting and regular exercise.</p>",SyntheticMedQA-A,type 1 diabetes,treatment
  What   is   the cause of lung infection? 	,"Pneumonia is an infection of the air sacs of the lungs, most often caused by bacteria such as Streptococcus pneumoniae, viruses such as influenza &amp; RSV, or less commonly fungi. © 2019 HealthInfoSite. All rights reserved.",SyntheticMedQA-A,pneumonia,causes
What does constant worrying feel like?,"Generalized anxiety disorder causes excessive, hard-to-control worry on most days for at least six months, with restlessness, fatigue, irritability, muscle tension and trouble sleeping.",SyntheticMedQA-A,generalized anxiety disorder,symptoms
What does wheezing lung disease feel like?,"Asthma causes episodes of wheezing, shortness of breath, chest tightness and coughing, often worse at night or early morning and triggered by exercise, allergens or cold air.",SyntheticMedQA-B,asthma,symptoms
What is the cause of wear-and-tear arthritis?,"Osteoarthritis develops as the cartilage cushioning the joints breaks down over time.<br/>Age, obesity, joint injury, repetitive stress and genetics increase the risk.",SyntheticMedQA-B,osteoarthritis,causes
"

How   does   someone develop chronic obstructive pulmonary disease?
","COPD is mainly caused by long-term cigarette smoking. Occupational dust and chemicals, indoor smoke from cooking fuels and the genetic condition alpha-1 antitrypsin deficiency also contribute.",SyntheticMedQA-A,COPD,causes
How do I know if I have uric acid arthritis?,"Gout causes sudden attacks of intense pain, redness, warmth and swelling in a joint, most often the base of the big toe, frequently starting at night.",SyntheticMedQA-A,gout,symptoms
Why do people get asthma?,"Asthma is caused by chronic inflammation and hyperresponsiveness of the airways. Genetics, allergies, early respiratory infections and exposure to tobacco smoke or pollution increase the risk. Click here to subscribe to our newsletter for more health tips.",SyntheticMedQA-B,asthma,causes
What are the symptoms of hyperthyroidism?,"	Hyperthyroidism   causes   weight loss despite good appetite, rapid or irregular heartbeat, anxiety, tremor, sweating, heat intolerance and frequent bowel movements.   ",SyntheticMedQA-B,hyperthyroidism,symptoms
  ,"Type 1 diabetes is treated with lifelong insulin therapy delivered by multiple daily injections or an insulin pump, together with blood glucose monitoring, carbohydrate counting and regular exercise.",SyntheticMedQA-A,type 1 diabetes,treatment
What are the symptoms of generalized anxiety disorder?,"Generalized anxiety disorder causes excessive, hard-to-control worry on most days <b>for</b> at least six months, with restlessness, fatigue, irritability, muscle tension and trouble sleeping.",SyntheticMedQA-A,generalized anxiety disorder,symptoms
How is osteoporosis diagnosed?,“Osteoporosis is diagnosed with a DXA bone density scan; a T-score of -2.5 or lower confirms it. The FRAX tool estimates 10-year fracture risk.”,SyntheticMedQA-B,osteoporosis,diagnosis
Can severe recurring headaches be prevented?,"  Migraine   frequency   can <b>be</b> reduced by keeping a headache diary, regular sleep and meals, staying hydrated, managing stress and avoiding identified triggers. 	",SyntheticMedQA-B,migraine,prevention
What is the cause of overactive thyroid?,"Hyperthyroidism is most commonly caused by Graves' disease. Toxic nodular goiter, thyroiditis and excess iodine or thyroid hormone medication are other causes.",SyntheticMedQA-B,hyperthyroidism,causes
What are the risk factors for psoriasis?,"<p>Psoriasis is a chronic immune-mediated disease that speeds up the skin cell life cycle. Genetics plays a role and flares can be triggered by stress, infections, skin injury and some medications.</p>",SyntheticMedQA-A,psoriasis,causes
What is the cause of inflammatory joint disease?,"Rheumatoid arthritis is an autoimmune disease in which the immune system attacks the synovium lining the joints. Genetic factors, smoking and female sex increase the risk.",SyntheticMedQA-A,rheumatoid arthritis,causes
Is there a way to avoid brittle bones?,"Osteoporosis can be prevented with weight-bearing exercise, adequate calcium and vitamin D, avoiding smoking and excess alcohol, and screening women over 65.",SyntheticMedQA-A,osteoporosis,prevention
Why do people get gout?,"	Gout   is   caused by high levels of uric acid in the blood that form urate crystals in joints. Red meat, seafood, alcohol, sugary drinks, obesity and diuretics increase the risk.   ",SyntheticMedQA-B,gout,causes
How can brain attack be managed?,Ischemic stroke is treated with clot-busting thrombolysis within 4.5 hours or mechanical thrombectomy. Hemorrhagic stroke management focuses on controlling bleeding and blood pressure.,SyntheticMedQA-B,stroke,treatment
How does someone develop clinical depression?,"Major depressive disorder arises from a combination of genetic vulnerability, brain chemistry, stressful life events, trauma, chronic illness and certain medications.",SyntheticMedQA-A,major depressive disorder,causes
How is celiac disease diagnosed?,"Celiac disease is diagnosed with a tissue transglutaminase IgA blood test while still eating gluten, followed by a small bowel biopsy showing villous atrophy.",SyntheticMedQA-A,celiac disease,diagnosis
How do I know if I have underactive thyroid?,Varies.,SyntheticMedQA-B,hypothyroidism,symptoms
How does someone develop varicella?,"Chickenpox is caused by the varicella-zoster virus, which spreads easily through the air and by contact with blister fluid. The same virus can later reactivate as shingles.",SyntheticMedQA-A,chickenpox,causes
"

How   can   varicella be managed?   ","Chickenpox is treated with rest, fluids, calamine lotion and antihistamines for itching, and paracetamol for fever. Aciclovir is used for adults and high-risk patients. Aspirin should be avoided in children.",SyntheticMedQA-B,chickenpox,treatment
Which medications are used for osteoarthritis?,"Click here to subscribe to our newsletter for more health tips. Osteoarthritis is managed with exercise, weight loss, physical therapy, topical or oral NSAIDs and joint injections. Severe cases may need joint replacement surgery.",SyntheticMedQA-A,osteoarthritis,treatment
What tests are used to diagnose pneumonia?,"Pneumonia is diagnosed by physical examination and a chest X-ray showing infiltrates. Blood tests, pulse oximetry and sputum cultures help judge severity and identify the organism.",SyntheticMedQA-A,pneumonia,diagnosis
How do I prevent hypertension?,   ,SyntheticMedQA-A,hypertension,prevention
What are the signs of chickenpox?,"Chickenpox causes an itchy rash of red spots that become fluid-filled blisters and then crust over, along with fever, tiredness and loss of appetite.",SyntheticMedQA-B,chickenpox,symptoms
What reduces the risk of generalized anxiety disorder?,"Anxiety symptoms can be reduced by regular physical activity, limiting caffeine and alcohol, good sleep habits, stress management and seeking help early.",SyntheticMedQA-A,generalized anxiety disorder,prevention
What causes type 2 diabetes?,"Type 2 diabetes results from insulin resistance combined with a gradual decline in insulin production. Excess body weight, physical inactivity, family history and older age increase the risk.",SyntheticMedQA-A,type 2 diabetes,causes
What is the cause of the flu?,Ask your GP.,SyntheticMedQA-A,influenza,causes
What causes GERD?,"GERD occurs when the lower esophageal sphincter relaxes abnormally and stomach acid flows back into the esophagus. Obesity, hiatal hernia, pregnancy, smoking and large late meals contribute.",SyntheticMedQA-B,GERD,causes
How do I prevent GERD?,"GERD symptoms can be prevented by losing excess weight, eating smaller meals, avoiding lying down within 3 hours of eating, raising the head of the bed and limiting trigger foods.",SyntheticMedQA-B,GERD,prevention
Why do people get kidney stones?,"Kidney stones form when urine contains more crystal-forming substances such as calcium oxalate or uric acid than the fluid can <b>dilute.</b> Dehydration, diet and some medical conditions contribute.",SyntheticMedQA-A,kidney stones,causes
How can iron-deficiency anemia be prevented?,"Iron-deficiency anemia can be prevented by eating iron-rich foods such as red meat, beans and leafy greens with vitamin C, and by iron supplementation during pregnancy when advised.",SyntheticMedQA-A,iron-deficiency anemia,prevention
What does overactive thyroid feel like?,"	Hyperthyroidism   causes   weight loss despite good appetite, rapid or irregular heartbeat, anxiety, tremor, sweating, heat intolerance and frequent bowel movements. 	",SyntheticMedQA-B,hyperthyroidism,symptoms
What reduces the risk of gout?,"	Gout   attacks   can be prevented by limiting alcohol, red meat and sugary drinks, staying hydrated, losing weight and taking urate-lowering medication when prescribed. 	",SyntheticMedQA-B,gout,prevention
Which symptoms does osteoporosis cause?,"Osteoporosis usually has no symptoms until a bone breaks. Signs can include back pain from a collapsed vertebra, loss of height, a stooped posture and fractures from minor falls.",SyntheticMedQA-A,osteoporosis,symptoms
What reduces the risk of type 1 diabetes?,"There is currently no proven way to prevent type 1 diabetes. Screening relatives for autoantibodies can identify people at high risk, and the drug teplizumab may delay onset in some of them.",SyntheticMedQA-B,type 1 diabetes,prevention
N/A,N/A,unknown,,
Which medications are used for COPD?,"COPD treatment includes stopping smoking, long-acting bronchodilators (LAMA and LABA inhalers), pulmonary rehabilitation, vaccinations and oxygen therapy for people with low blood oxygen.",SyntheticMedQA-B,COPD,treatment
What is the cause of gluten intolerance?,"Celiac disease is an autoimmune reaction to gluten, a protein in <b>wheat,</b> barley and rye, that damages the lining of the small intestine in genetically susceptible people with HLA-DQ2 or DQ8.",SyntheticMedQA-A,celiac disease,causes
What reduces the risk of hyperthyroidism?,"Hyperthyroidism usually cannot be prevented, but avoiding excess iodine supplements and attending regular follow-up help detect relapse early.",SyntheticMedQA-A,hyperthyroidism,prevention
How can osteoporosis be confirmed?,Osteoporosis is diagnosed with a DXA bone density scan; a T-score of -2.5 or lower confirms it. The FRAX tool estimates 10-year fracture risk.,SyntheticMedQA-B,osteoporosis,diagnosis
How can acid reflux be managed?,"Advertisement GERD is treated with lifestyle changes, antacids, H2 blockers and proton pump inhibitors such as omeprazole. Surgery such as fundoplication is an option for refractory cases.",SyntheticMedQA-A,GERD,treatment
how is influenza treated?,"

Influenza   is   treated with rest, fluids and fever reducers.<br/>Antiviral drugs such as oseltamivir work best when started within 48 hours and are recommended for high-risk patients. Share this article on Facebook.
",SyntheticMedQA-B,influenza,treatment
What tests are used to diagnose chickenpox?,	Chickenpox   is   usually diagnosed from the characteristic rash. PCR testing of blister fluid can confirm the virus in unclear cases.   ,SyntheticMedQA-A,chickenpox,diagnosis
How is celiac disease diagnosed ?,"<p>Celiac disease is diagnosed with a tissue transglutaminase IgA blood test while still eating gluten, followed by a small bowel biopsy showing villous atrophy.</p>",SyntheticMedQA-A,celiac disease,diagnosis
	HOW   CAN   ASTHMA BE CONFIRMED? 	,"	Asthma   is   diagnosed with a clinical history plus spirometry showing airflow obstruction that improves after a bronchodilator. Peak flow monitoring and FeNO testing can support the diagnosis.
",SyntheticMedQA-A,asthma,diagnosis
What reduces the risk of type 2 diabetes?,"Type 2 diabetes can often be prevented or delayed by losing 5 to 7 percent of body weight, exercising about 150 minutes per week and choosing a diet rich in fiber and low in refined sugar.",SyntheticMedQA-B,type 2 diabetes,prevention
Why do people get iron-deficiency anemia?,"Iron-deficiency anemia results from blood loss such as heavy periods or gastrointestinal bleeding, low dietary iron, poor absorption as in celiac disease, or increased needs during pregnancy.",SyntheticMedQA-B,iron-deficiency anemia,causes
Can you give me an overview of migraine?,"Migraine is a common medical condition. Migraine is a neurological disorder involving activation of the trigeminovascular system. Common triggers include stress, hormonal changes, lack of sleep, skipped meals, alcohol &amp; certain foods. Migraine causes moderate to severe throbbing headache, usually on one side, lasting 4 to 72 hours, with nausea and sensitivity to light and sound. Some people have a visual aura beforehand. Migraine is diagnosed clinically based on the pattern of headaches and associated symptoms. Brain imaging is only needed when there are red-flag features such as a sudden severe headache or neurological deficits. Migraine attacks are treated with NSAIDs, triptans or gepants. Frequent migraines may need preventive therapy such as beta blockers, topiramate, amitriptyline or CGRP monoclonal antibodies. Migraine frequency can be reduced by keeping a headache diary, regular sleep and meals, staying hydrated, managing stress and avoiding identified triggers. Living with migraine usually involves a long-term partnership with a healthcare team. Regular follow-up visits allow the treatment plan to be adjusted, side effects to be identified early and complications to be screened for. Patients are encouraged to keep a written record of their symptoms, medications and questions for each appointment, and to ask about reliable sources of education and local support groups. Family members can also benefit from learning about the condition. Any sudden worsening of symptoms should prompt urgent medical review rather than waiting for the next scheduled appointment.",SyntheticMedQA-B,migraine,overview
,"Osteoarthritis is diagnosed from symptoms and examination, with X-rays showing joint space narrowing and bone spurs. Blood tests are used to rule out inflammatory arthritis.",SyntheticMedQA-A,osteoarthritis,diagnosis
What are the symptoms of migraine?,"Migraine causes moderate to severe throbbing headache, usually on one side, lasting 4 to 72 hours, with nausea and sensitivity to light and sound. Some people have a visual aura beforehand.",SyntheticMedQA-A,migraine,symptoms
Which test shows if I have lung infection?,"Pneumonia is diagnosed by physical examination and a chest X-ray showing infiltrates.<br/>Blood tests, pulse oximetry and sputum cultures help judge severity and identify the organism.",SyntheticMedQA-A,pneumonia,diagnosis
How can chickenpox be prevented?,	Advertisement   Chickenpox   is prevented with two doses of the varicella vaccine. People who are not immune should avoid contact with infected individuals.   ,SyntheticMedQA-B,chickenpox,prevention
Is there a way to avoid varicella?,,SyntheticMedQA-B,chickenpox,prevention
which medications are used for major depressive disorder?,"Advertisement Major depressive disorder is treated with psychotherapy such as cognitive behavioral therapy, antidepressants such as SSRIs, or both. Severe cases may need hospital care or electroconvulsive therapy.",SyntheticMedQA-A,major depressive disorder,treatment
What are the risk factors for osteoporosis?,"	Osteoporosis   occurs   when bone loss outpaces new bone formation. Menopause, aging, low calcium and vitamin D, steroid use, smoking and low body weight increase the risk.
",SyntheticMedQA-A,osteoporosis,causes
What reduces the risk of iron-deficiency anemia?,"Iron-deficiency anemia can be prevented by eating iron-rich foods such as red meat, beans and leafy greens with vitamin C, and by iron supplementation during pregnancy when advised.",SyntheticMedQA-A,iron-deficiency anemia,prevention
	How   can   asthma be confirmed? 	,Asthma is diagnosed with a clinical history plus spirometry showing airflow obstruction that improves after a bronchodilator. Peak flow monitoring and FeNO testing can support the diagnosis.,SyntheticMedQA-A,asthma,diagnosis
What are the symptoms of osteoarthritis?,"Osteoarthritis causes joint pain that worsens with use, stiffness after rest, reduced range of motion, swelling and a grating sensation, commonly in the knees, hips and hands. © 2019 HealthInfoSite. All rights reserved.",SyntheticMedQA-B,osteoarthritis,symptoms
How can stroke be prevented?,"Stroke can be prevented by controlling blood pressure, treating atrial fibrillation with anticoagulants, not smoking, managing cholesterol and diabetes and staying active.",SyntheticMedQA-B,stroke,prevention
How can hypothyroidism be confirmed?,Hypothyroidism is diagnosed with blood tests showing a high TSH &amp; low free T4. Thyroid peroxidase antibodies suggest Hashimoto&#39;s thyroiditis.,SyntheticMedQA-B,hypothyroidism,diagnosis
How do doctors check for wear-and-tear arthritis?,"  Osteoarthritis   is   diagnosed from symptoms and examination, with X-rays showing joint space narrowing and bone spurs. Blood tests are used to rule out inflammatory arthritis. 	",SyntheticMedQA-A,osteoarthritis,diagnosis
What does high blood pressure feel like?,"  Hypertension   usuａlly   cａuses no symptoms, which is why it is called the silent killer. Very high readings can cause severe headache, chest pain, shortness of breath, nosebleeds or vision changes.
",SyntheticMedQA-A,hypertension,symptoms
What tests are used to diagnose gout?,Gout is confirmed by finding urate crystals in joint fluid drawn with a needle. Serum uric acid levels and dual-energy CT or ultrasound support the diagnosis.,SyntheticMedQA-B,gout,diagnosis
How can wheezing lung disease be managed?,"Ａsthmａ is mａnaged with inhaled corticosteroids for long-term control and short-acting bronchodilators such as albuterol for quick relief, along with avoiding known triggers and having a written action plan.",SyntheticMedQA-A,asthma,treatment
Why do people get celiac disease?,"

Celiac   disease   is an autoimmune reaction to gluten, a protein in wheat, barley and rye, that damages the lining of the small intestine in genetically susceptible people with HLA-DQ2 or DQ8. 	",SyntheticMedQA-A,celiac disease,causes
Which symptoms does hyperthyroidism cause?,"Hyperthyroidism causes weight loss despite good appetite, rapid or irregular heartbeat, anxiety, tremor, sweating, heat intolerance and frequent bowel movements.",SyntheticMedQA-B,hyperthyroidism,symptoms
How is hypothyroidism treated?,"

Hypothyroidism   is   treated with daily levothyroxine, a synthetic thyroid hormone, with the dose adjusted according to TSH levels checked every 6 to 8 weeks. Read more »
",SyntheticMedQA-B,hypothyroidism,treatment
What are the symptoms of urinary tract infection?,Varies.,SyntheticMedQA-B,urinary tract infection,symptoms
What causes coronary artery disease?,"Coronary artery disease is caused by atherosclerosis, the buildup of cholesterol plaque in the heart's arteries. Smoking, high LDL cholesterol, hypertension and diabetes are major risk factors.",SyntheticMedQA-A,coronary artery disease,causes
HOW IS URINARY TRACT INFECTION DIAGNOSED?,	A   urinary   tract infection is diagnosed with a urine dipstick test for nitrites and leukocytes and confirmed by a urine culture that identifies the bacteria. 	,SyntheticMedQA-B,urinary tract infection,diagnosis
Which symptoms does generalized anxiety disorder cause?,"Generalized anxiety disorder causes excessive, hard-to-control worry on most days for at least six months, with restlessness, fatigue, irritability, muscle tension and trouble sleeping.",SyntheticMedQA-A,generalized anxiety disorder,symptoms
What is the best treatment for inflammatory joint disease?,"Share this article on Facebook. Rheumatoid arthritis is treated early with disease-modifying drugs such as methotrexate, plus biologics like TNF inhibitors when needed, and short courses of steroids for flares.",SyntheticMedQA-B,rheumatoid arthritis,treatment
How do doctors check for high blood pressure?,"

Hypertension   is   diagnosed when repeated blood pressure readings are 130/80 mmHg or higher. Home or ambulatory monitoring helps confirm the diagnosis and rule out white-coat hypertension.
",SyntheticMedQA-A,hypertension,diagnosis
Which medications are used for osteoporosis?,"Osteoporosis is <b>treated</b> with bisphosphonates such as alendronate, denosumab or bone-building drugs like teriparatide, plus calcium, vitamin D and fall prevention.",SyntheticMedQA-B,osteoporosis,treatment
Which medications are used for osteoporosis?,"Osteoporosis is <b>treated</b> with bisphosphonates such as alendronate, denosumab or bone-building drugs like teriparatide, plus calcium, vitamin D and fall prevention.",SyntheticMedQA-B,osteoporosis,treatment
How do doctors check for scaly skin plaques?,"Psoriasis is usually diagnosed by examining the skin, scalp and nails. A skin biopsy is occasionally done to rule out other conditions.",SyntheticMedQA-A,psoriasis,diagnosis
What is the cause of juvenile diabetes?,Type 1 diabetes is an autoimmune disease in which the immune system destroys the insulin-producing beta cells of the pancreas. Genetic susceptibility and possibly environmental triggers such as viral infections are thought to play a role.,SyntheticMedQA-A,type 1 diabetes,causes
How is asthma diagnosed?,Asthma is diagnosed with a clinical history plus spirometry showing airflow obstruction that improves after a bronchodilator. Peak flow monitoring and FeNO testing can support the diagnosis.,SyntheticMedQA-A,asthma,diagnosis
How do I prevent generalized anxiety disorder?,"

Click   here   to subscribe to our newsletter for more health tips. Anxiety symptoms can be reduced by regular physical activity, limiting caffeine and alcohol, good sleep habits, stress management and seeking help early.   ",SyntheticMedQA-A,generalized anxiety disorder,prevention
test,test,unknown,,
What causes stroke?,"Most strokes are ischemic, caused by a clot blocking blood flow to the brain. Hemorrhagic strokes are caused by bleeding from a ruptured blood vessel. Hypertension and atrial fibrillation are major risk factors.",SyntheticMedQA-B,stroke,causes
What does clogged heart arteries feel like?,"Coronary artery disease can cause chest pain or pressure (angina) during exertion, shortness of breath and fatigue. The first sign may be a heart attack.",SyntheticMedQA-B,coronary artery disease,symptoms
How can scaly skin plaques be managed?,"Psoriasis is treated with topical corticosteroids and vitamin D analogues, phototherapy, and for moderate to severe disease, methotrexate or biologic drugs targeting IL-17 or IL-23.",SyntheticMedQA-B,psoriasis,treatment
Is there a way to avoid lung infection?,,SyntheticMedQA-A,pneumonia,prevention
What causes hyperthyroidism?,"Share this article on Facebook. Hyperthyroidism is most commonly caused by Graves' disease. Toxic nodular goiter, thyroiditis and excess iodine or thyroid hormone medication are other causes.",SyntheticMedQA-B,hyperthyroidism,causes
What reduces the risk of urinary tract infection?,"Urinary tract infections can be prevented by drinking plenty of fluids, urinating after intercourse, wiping front to back and avoiding irritating feminine products.",SyntheticMedQA-A,urinary tract infection,prevention
How can influenza be confirmed?,© 2019 HealthInfoSite. All rights reserved. Influenza is usually diagnosed from symptoms during flu season. Rapid antigen tests or PCR on a nasal swab confirm the infection.,SyntheticMedQA-A,influenza,diagnosis
WHAT IS THE BEST TREATMENT FOR CONSTANT WORRYING?,	Generalized   ​anxiety   ​disorder is treated with cognitive behavioral therapy and medications such as SSRIs or SNRIs. Relaxation techniques and exercise also help.   ,SyntheticMedQA-B,generalized anxiety disorder,treatment
How can bladder infection be managed?,"

Uncomplicated   urinary   tract infections are treated with a short course of antibiotics such as nitrofurantoin or trimethoprim-sulfamethoxazole, plus fluids.
",SyntheticMedQA-B,urinary tract infection,treatment
How do I prevent osteoarthritis?,"Osteoarthritis risk can be reduced by maintaining a healthy weight, staying active with low-impact exercise, strengthening muscles and avoiding joint injuries. © 2019 HealthInfoSite. All rights reserved.",SyntheticMedQA-A,osteoarthritis,prevention
What causes hyperthyroidism?,"Share this article on Facebook. Hyperthyroidism is most commonly caused by Graves' disease. Toxic nodular goiter, thyroiditis and excess iodine or thyroid hormone medication are other causes.",SyntheticMedQA-B,hyperthyroidism,causes
Can inflammatory joint disease be prevented?,"Share this article on Facebook. Rheumatoid arthritis cannot be fully prevented, but not smoking lowers the risk and early treatment prevents permanent joint damage.",SyntheticMedQA-A,rheumatoid arthritis,prevention
can wear-and-tear arthritis be prevented?,"Osteoarthritis risk can be reduced by maintaining a healthy weight, staying active with low-impact exercise, strengthening muscles and avoiding joint injuries.",SyntheticMedQA-A,osteoarthritis,prevention
Which test shows if I have renal calculi?,"Kidney stones are diagnosed with a non-contrast CT scan or ultrasound, together with urine tests for blood and infection and blood tests for kidney function and calcium.",SyntheticMedQA-A,kidney stones,diagnosis
How does someone develop underactive thyroid?,"Hypothyroidism ​is ​most often caused by Hashimoto's thyroiditis, an autoimmune condition. Other causes include thyroid surgery, radioactive iodine treatment and iodine deficiency. Share this article on Facebook.",SyntheticMedQA-A,hypothyroidism,causes
"

What   reduces   the risk of stroke?   ","Stroke can be prevented by controlling blood pressure, treating atrial fibrillation with anticoagulants, not smoking, managing cholesterol and diabetes and staying active.",SyntheticMedQA-B,stroke,prevention
Why do people get chickenpox?,"Chickenpox is caused by the varicella-zoster virus, which spreads easily through the air and by contact with blister fluid. The same virus can later reactivate as shingles. Share this article on Facebook.",SyntheticMedQA-A,chickenpox,causes
What are the risk factors for chickenpox?,"Chickenpox is caused by the varicella-zoster virus, which spreads easily through the air and by contact with blister fluid. The same virus can later reactivate as shingles.",SyntheticMedQA-A,chickenpox,causes
How do doctors check for overactive thyroid?,Hyperthyroidism is diagnosed with a low TSH and high free T4 or T3. Thyroid antibodies and a radioactive iodine uptake scan help identify the cause.,SyntheticMedQA-A,hyperthyroidism,diagnosis
What is the best treatment for wear-and-tear arthritis?,"Osteoarthritis is managed with exercise, weight loss, physical therapy, topical or oral NSAIDs and joint injections. Severe cases may need joint replacement surgery.",SyntheticMedQA-A,osteoarthritis,treatment
What are the treatments for coronary artery disease?,"Coronary artery disease is treated with lifestyle changes, statins, aspirin, beta blockers &amp; nitrates, and with angioplasty and stenting or bypass surgery when arteries are severely narrowed.",SyntheticMedQA-A,coronary artery disease,treatment
How is iron-deficiency anemia treated?,"Iron-deficiency anemia is treated with oral iron supplements such as ferrous sulfate, or intravenous iron if tablets are not tolerated, while treating the source of blood loss.",SyntheticMedQA-A,iron-deficiency anemia,treatment
How can the flu be managed?,"<p>Influenza is treated with rest, fluids and fever reducers. Antiviral drugs such as oseltamivir work best when started within 48 hours and are recommended for high-risk patients.</p>",SyntheticMedQA-B,influenza,treatment
How can juvenile diabetes be managed ?,"

Type   1   diabetes is treated with lifelong insulin therapy delivered by multiple daily injections or an insulin pump, together with blood glucose monitoring, carbohydrate counting and regular exercise. 	",SyntheticMedQA-A,type 1 diabetes,treatment
How do doctors check for chronic obstructive pulmonary disease?,COPD is diａgnosed by spirometry showing ａ post-bronchodilator FEV1/FVC ratio below 0.70 in a person with symptoms and risk factors. Chest imaging helps exclude other conditions.,SyntheticMedQA-A,COPD,diagnosis
Which test shows if I have clogged heart arteries?,"Coronary artery disease is diagnosed using an electrocardiogram, stress testing, coronary CT angiography and invasive coronary angiography.",SyntheticMedQA-A,coronary artery disease,diagnosis
How can migraine be prevented?,"Migraine frequency can be reduced by keeping a headache diary, regular sleep and meals, staying hydrated, managing stress and avoiding identified triggers.",SyntheticMedQA-B,migraine,prevention
What are the symptoms of migraine?,<p></p>,SyntheticMedQA-A,migraine,symptoms
Which test shows if I have chronic obstructive pulmonary disease?,"

Click   here   to subscribe to our newsletter for more health tips. COPD is diagnosed by spirometry showing a post-bronchodilator FEV1/FVC ratio below 0.70 in a person with symptoms and risk factors. Chest imaging helps exclude other conditions.   ",SyntheticMedQA-A,COPD,diagnosis
Can you give me an overview of type 1 diabetes ?,"“Type 1 diabetes is a common medical condition. Type 1 diabetes is an autoimmune disease in which the immune system destroys the insulin-producing beta cells of the pancreas. Genetic susceptibility &amp; possibly environmental triggers such as viral infections are thought to play a role. Type 1 diabetes often causes increased thirst, frequent urination, unexplained weight loss, extreme hunger, fatigue and blurred vision. Symptoms can develop quickly over a few weeks, and some people first present with diabetic ketoacidosis. Type 1 diabetes is diagnosed with blood glucose tests such as fasting plasma glucose, HbA1c or a random glucose above 200 mg/dL with symptoms. Autoantibody tests and C-peptide levels help distinguish it from type 2 diabetes. Type 1 diabetes is treated with lifelong insulin therapy delivered by multiple daily injections or an insulin pump, together with blood glucose monitoring, carbohydrate counting and regular exercise. There is currently no proven way to prevent type 1 diabetes. Screening relatives for autoantibodies can identify people at high risk, and the drug teplizumab may delay onset in some of them. Living with type 1 diabetes usually involves a long-term partnership with a healthcare team. Regular follow-up visits allow the treatment plan to be adjusted, side effects to be identified early and complications to be screened for. Patients are encouraged to keep a written record of their symptoms, medications and questions for each appointment, and to ask about reliable sources of education and local support groups. Family members can also benefit from learning about the condition. Any sudden worsening of symptoms should prompt urgent medical review rather than waiting for the next scheduled appointment.”",SyntheticMedQA-A,type 1 diabetes,overview
What are the symptoms of gout?,"“Gout causes sudden attacks of intense pain, redness, warmth and swelling in a joint, most often the base of the big toe, frequently starting at night.”",SyntheticMedQA-A,gout,symptoms
How does someone develop juvenile diabetes?,Type 1 diabetes is an autoimmune disease in which the immune system destroys the insulin-producing beta cells of the pancreas. Genetic susceptibility and possibly environmental triggers such as viral infections are thought to play a role.,SyntheticMedQA-A,type 1 diabetes,causes
What causes celiac disease?,"Ａdvertisement <p>Celiａc diseａse is an autoimmune reaction to gluten, a protein in wheat, barley and rye, that damages the lining of the small intestine in genetically susceptible people with HLＡ-DQ2 or DQ8.</p>",SyntheticMedQA-A,celiac disease,causes
Tell me about severe recurring headaches.,"Migraine is a common medical condition. Migraine is a neurological disorder involving activation of the trigeminovascular system. Common triggers include stress, hormonal changes, lack of sleep, skipped meals, alcohol and certain foods. Migraine causes moderate to severe throbbing headache, usually on one side, lasting 4 to 72 hours, with nausea and sensitivity to light and sound. Some people have a visual aura beforehand. Migraine is diagnosed clinically based on the pattern of headaches and associated symptoms. Brain imaging is only needed when there are red-flag features such as a sudden severe headache or neurological deficits. Migraine attacks are treated with NSAIDs, triptans or gepants. Frequent migraines may need preventive therapy such as beta blockers, topiramate, amitriptyline or CGRP monoclonal antibodies. Migraine frequency can be reduced by keeping a headache diary, regular sleep and meals, staying hydrated, managing stress and avoiding identified triggers. Living with migraine usually involves a long-term partnership with a healthcare team. Regular follow-up visits allow the treatment plan to be adjusted, side effects to be identified early and complications to be screened for. Patients are encouraged to keep a written record of their symptoms, medications and questions for each appointment, and to ask about reliable sources of education and local support groups. Family members can also benefit from learning about the condition. Any sudden worsening of symptoms should prompt urgent medical review rather than waiting for the next scheduled appointment.",SyntheticMedQA-B,migraine,overview
What causes hypertension?,,SyntheticMedQA-A,hypertension,causes
What reduces the risk of kidney stones?,"Kidney stones can be prevented by drinking enough water to produce about 2.5 liters of urine a day, reducing salt and animal protein, and getting normal amounts of dietary calcium.",SyntheticMedQA-B,kidney stones,prevention
How can juvenile diabetes be managed?,"Type 1 diabetes is treated with lifelong insulin therapy delivered by multiple daily injections or an insulin pump, together with blood glucose monitoring, carbohydrate counting and regular exercise.",SyntheticMedQA-A,type 1 diabetes,treatment
How can psoriasis be confirmed?,"<b>Psoriasis</b> is usually diagnosed by examining the skin, scalp and nails. A skin biopsy is occasionally done to rule out other conditions. © 2019 HealthInfoSite. All rights reserved.",SyntheticMedQA-A,psoriasis,diagnosis
Can acid reflux be prevented?,"GERD symptoms can be prevented by losing excess weight, eating smaller meals, avoiding lying down within 3 hours of eating, raising the head of the bed and limiting trigger foods.",SyntheticMedQA-B,GERD,prevention
How does someone develop brittle bones?,"  Osteoporosis   occurs   when bone loss outpaces new bone formation. Menopause, aging, low calcium and vitamin D, steroid use, smoking and low body weight increase the risk. Click here to subscribe to our newsletter for more health tips.
",SyntheticMedQA-A,osteoporosis,causes
How do I know if I have underactive thyroid?,"

Hypothyroidism   causes   tiredness, weight gain, feeling cold, constipation, dry skin, hair thinning, depression and slowed heart rate.
",SyntheticMedQA-B,hypothyroidism,symptoms
What are the symptoms of influenza?,"Influenza causes sudden fever, chills, muscle aches, headache, dry cough, sore throat and extreme tiredness.<br/>Most people recover in one to two weeks.",SyntheticMedQA-A,influenza,symptoms
What are the symptoms of celiac disease?,"Celiac disease can cause diarrhea, bloating, abdominal pain, weight loss and fatigue, as well as non-digestive problems such as anemia, an itchy blistering rash and bone loss.",SyntheticMedQA-B,celiac disease,symptoms
How is influenza treated?,"Influenza is treated with rest, fluids and fever reducers.<br/>Antiviral drugs such as oseltamivir work best when started within 48 hours and are recommended for high-risk patients. Share this article on Facebook.",SyntheticMedQA-B,influenza,treatment
What are the signs of osteoporosis?,"Osteoporosis usually has no symptoms until a bone breaks. Signs can include back pain from a collapsed vertebra, loss of height, a stooped posture and fractures from minor falls.",SyntheticMedQA-A,osteoporosis,symptoms
How is influenza diagnosed?,Influenza is usually diagnosed from symptoms during flu season. Rapid antigen tests or PCR on a nasal swab confirm the infection.,SyntheticMedQA-A,influenza,diagnosis
What are the risk factors for migraine?,"Migraine is a neurological disorder involving activation of the trigeminovascular system. Common <b>triggers</b> include stress, hormonal changes, lack of sleep, skipped meals, alcohol and certain foods.",SyntheticMedQA-A,migraine,causes
Why do people get influenza?,"Influenza is caused by influenza A and B viruses that spread through respiratory droplets when infected people cough, sneeze or talk, and through contaminated surfaces.",SyntheticMedQA-A,influenza,causes
How is hypertension treated?,&nbsp;,SyntheticMedQA-A,hypertension,treatment
Which test shows if I have the flu?,Influenza is usually diagnosed from symptoms during flu season. Rapid antigen tests or PCR on a nasal swab confirm the infection.,SyntheticMedQA-A,influenza,diagnosis
What tests are used to diagnose generalized anxiety disorder?,"Generalized anxiety disorder is diagnosed by a clinician using DSM-5 criteria, often supported by the GAD-7 questionnaire, after excluding medical causes such as hyperthyroidism.",SyntheticMedQA-A,generalized anxiety disorder,diagnosis
What is the best treatment for chronic obstructive pulmonary disease?,"COPD treatment includes stopping smoking, long-acting bronchodilators (LAMA and LABA inhalers), pulmonary rehabilitation, vaccinations and oxygen therapy for people with low blood oxygen.",SyntheticMedQA-B,COPD,treatment
Which test shows if I have severe recurring headaches?,Migraine is diagnosed clinically based on the pattern of headaches and associated symptoms. Brain imaging is only needed when there are red-flag features such as a sudden severe headache or neurological deficits.,SyntheticMedQA-A,migraine,diagnosis
What is the best treatment for adult-onset diabetes?,"	Type   2   diabetes treatment starts with healthy eating, weight loss and physical activity, usually with metformin. Other options include SGLT2 inhibitors, GLP-1 receptor agonists and insulin.
",SyntheticMedQA-A,type 2 diabetes,treatment
How can migraine be prevented?,"Migraine frequency can be reduced by keeping a headache diary, regular sleep and meals, staying hydrated, managing stress and avoiding identified triggers.. Consult a healthcare provider for more information.",SyntheticMedQA-B,migraine,prevention
Can juvenile diabetes be prevented?,"There is currently no proven way to prevent type 1 diabetes. Screening relatives for autoantibodies can identify people at high risk, and the drug teplizumab may delay onset in some of them.",SyntheticMedQA-B,type 1 diabetes,prevention
	Which   test   shows if I have constant worrying? 	,"Generalized anxiety disorder is diagnosed by a clinician using DSM-5 criteria, often supported by the GAD-7 questionnaire, after excluding medical causes such as hyperthyroidism.",SyntheticMedQA-A,generalized anxiety disorder,diagnosis
What are the signs of pneumonia?,"Pneumonia causes cough with phlegm, fever, chills, shortness of breath and sharp chest pain when breathing. Older adults may instead have confusion and a low body temperature.",SyntheticMedQA-A,pneumonia,symptoms
What are the treatments for psoriasis?,"Psoriasis is treated with topical corticosteroids and vitamin D analogues, phototherapy, and for moderate to severe disease, methotrexate or biologic drugs targeting IL-17 or IL-23.",SyntheticMedQA-B,psoriasis,treatment
What does wear-and-tear arthritis feel like?,"Osteoarthritis causes joint pain that worsens with use, stiffness after rest, reduced range of motion, swelling and a grating sensation, commonly in the knees, hips and hands.",SyntheticMedQA-B,osteoarthritis,symptoms
Which test shows if I have gluten intolerance?,"Celiac disease is diagnosed with a tissue transglutaminase IgA blood test while still eating gluten, followed by a small bowel biopsy showing villous atrophy.",SyntheticMedQA-A,celiac disease,diagnosis
Is there a way to avoid gluten intolerance?,"

Celiac   disease   cannot be prevented, but complications are prevented by strict gluten avoidance, and screening of first-degree relatives allows early diagnosis. 	",SyntheticMedQA-A,celiac disease,prevention
WHAT ARE THE SYMPTOMS OF HYPERTHYROIDISM?,"

	Hyperthyroidism       causes   weight loss despite good appetite, rapid or irregular heartbeat, anxiety, tremor, sweating, heat intolerance and frequent bowel movements.      ",SyntheticMedQA-B,hyperthyroidism,symptoms
What are the symptoms of rheumatoid arthritis?,"“Rheumatoid arthritis causes painful, swollen, warm joints, usually symmetrical in the small joints of the hands and feet, with morning stiffness lasting more than an hour and fatigue.”",SyntheticMedQA-B,rheumatoid arthritis,symptoms
How can the flu be managed?,"<p>Influenza is treated with rest, fluids and fever reducers. Antiviral drugs such as oseltamivir work best when started within 48 hours and are recommended for high-risk patients.</p>",SyntheticMedQA-B,influenza,treatment
What causes coronary artery disease?,<p></p>,SyntheticMedQA-A,coronary artery disease,causes
Tell me about high blood pressure.,"Share this article on Facebook. Hypertension is a common medical condition. Most hypertension is primary, linked to age, genetics, high salt intake, obesity, alcohol and inactivity. Secondary hypertension can be caused by kidney disease, sleep apnea, thyroid problems or some medications. Hypertension usually causes no symptoms, which is why it is called the silent killer. Very high readings can cause severe headache, chest pain, shortness of breath, nosebleeds or vision changes. Hypertension is diagnosed when repeated blood pressure readings are 130/80 mmHg or higher. Home or ambulatory monitoring helps confirm the diagnosis and rule out white-coat hypertension. Hypertension is treated with lifestyle changes such as reducing salt and alcohol, plus medicines including ACE inhibitors, angiotensin receptor blockers, calcium channel blockers and thiazide diuretics. Hypertension risk can be lowered by keeping a healthy weight, limiting sodium, following the DASH diet, exercising regularly, limiting alcohol and not smoking. Living with hypertension usually involves a long-term partnership with a healthcare team. Regular follow-up visits allow the treatment plan to be adjusted, side effects to be identified early and complications to be screened for. Patients are encouraged to keep a written record of their symptoms, medications and questions for each appointment, and to ask about reliable sources of education and local support groups. Family members can also benefit from learning about the condition. Any sudden worsening of symptoms should prompt urgent medical review rather than waiting for the next scheduled appointment.",SyntheticMedQA-B,hypertension,overview
How is gout diagnosed?,Gout is confirmed by finding urate crystals in joint fluid drawn with a needle.<br/>Serum uric acid levels and dual-energy CT or ultrasound support the diagnosis. Share this article on Facebook.,SyntheticMedQA-B,gout,diagnosis
What are the signs of hypertension?,"

Hypertension   usually   causes no symptoms, which is why it is called the silent killer. Very high readings can cause severe headache, chest pain, shortness of breath, nosebleeds or vision changes. 	",SyntheticMedQA-A,hypertension,symptoms
How do doctors check for low iron?,"Iron-deficiency anemia is diagnosed with a complete blood count showing low hemoglobin and small red cells, plus low serum ferritin. The underlying cause of iron loss should be investigated.",SyntheticMedQA-A,iron-deficiency anemia,diagnosis
What is the cause of wear-and-tear arthritis?,"Osteoarthritis develops as the cartilage cushioning the joints breaks down over time.<br/>Age, obesity, joint injury, repetitive stress and genetics increase the risk.",SyntheticMedQA-B,osteoarthritis,causes
  ,"Gout flares are treated with NSAIDs, colchicine or corticosteroids. Long-term urate-lowering therapy with allopurinol or febuxostat prevents further attacks.",SyntheticMedQA-B,gout,treatment
What causes gout ?,"Gout is caused by high <b>levels</b> of uric acid in the blood that form urate crystals in joints. Red meat, seafood, alcohol, sugary drinks, obesity and diuretics increase the risk.",SyntheticMedQA-B,gout,causes
What is type 1 diabetes?,"  Type   1   diabetes is a common medical condition. Type 1 diabetes is an autoimmune disease in which the immune system destroys the insulin-producing beta cells of the pancreas. Genetic susceptibility and possibly environmental triggers such as viral infections are thought to play a role. Type 1 diabetes often causes increased thirst, frequent urination, unexplained weight loss, extreme hunger, fatigue and blurred vision. Symptoms can develop quickly over a few weeks, and some people first present with diabetic ketoacidosis. Type 1 diabetes is diagnosed with blood glucose tests such as fasting plasma glucose, HbA1c or a random glucose above 200 mg/dL with symptoms. Autoantibody tests and C-peptide levels help distinguish it from type 2 diabetes. Type 1 diabetes is treated with lifelong insulin therapy delivered by multiple daily injections or an insulin pump, together with blood glucose monitoring, carbohydrate counting and regular exercise. There is currently no proven way to prevent type 1 diabetes. Screening relatives for autoantibodies can identify people at high risk, and the drug teplizumab may delay onset in some of them. Living with type 1 diabetes usually involves a long-term partnership with a healthcare team. Regular follow-up visits allow the treatment plan to be adjusted, side effects to be identified early and complications to be screened for. Patients are encouraged to keep a written record of their symptoms, medications and questions for each appointment, and to ask about <b>reliable</b> sources of education and local support groups. Family members can also benefit from learning about the condition. Any sudden worsening of symptoms should prompt urgent medical review rather than waiting for the next scheduled appointment.   ",SyntheticMedQA-A,type 1 diabetes,overview
"	How   can   clinical depression be managed?
","<p>Major depressive disorder is treated with psychotherapy such as cognitive behavioral therapy, antidepressants such as SSRIs, or both. Severe cases may need hospital care or electroconvulsive therapy.</p>",SyntheticMedQA-A,major depressive disorder,treatment
What tests are used to diagnose GERD?,GERD is usually diagnosed from typical symptoms and response to acid-suppressing treatment. Upper endoscopy and esophageal pH monitoring are used when symptoms are atypical or severe.,SyntheticMedQA-B,GERD,diagnosis
  What   are   the treatments for chickenpox? 	,"	Chickenpox   is   treated with rest, fluids, calamine lotion and antihistamines for itching, and paracetamol for fever. Aciclovir is used for adults and high-risk patients. Aspirin should be avoided in children.   ",SyntheticMedQA-B,chickenpox,treatment
	How   can   asthma be confirmed? 	,Asthma is diagnosed with a clinical history plus spirometry showing airflow obstruction that improves after a bronchodilator. Peak flow monitoring and FeNO testing can support the diagnosis.,SyntheticMedQA-A,asthma,diagnosis
WHY DO PEOPLE GET KIDNEY STONES?,"<p>Kidney stones form when urine contains more crystal-forming substances such as calcium oxalate or uric acid than the fluid can <b>dilute.</b> Dehydration, diet and some medical conditions contribute.</p>",SyntheticMedQA-A,kidney stones,causes
What causes hypertension?,"Most hypertension is primary, linked to age, genetics, high salt intake, obesity, alcohol and inactivity. Secondary hypertension can be caused by kidney disease, sleep apnea, thyroid problems or some medications. © 2019 HealthInfoSite. All rights reserved.",SyntheticMedQA-A,hypertension,causes
Which symptoms does psoriasis cause?,"Psoriasis causes thick red patches of skin covered with silvery scales, commonly on the elbows, knees, scalp and lower back, which may itch or crack. Nail pitting is common.",SyntheticMedQA-B,psoriasis,symptoms
Is there a way to avoid wheezing lung disease?,"Asthma attacks can be prevented by taking controller medication as prescribed, avoiding triggers such as smoke &amp; dust mites, getting the flu vaccine and monitoring peak flow.",SyntheticMedQA-B,asthma,prevention
"	How   is   GERD treated?
","GERD is treated with lifestyle changes, antacids, H2 blockers and proton pump inhibitors such as omeprazole. Surgery such as fundoplication is an option for refractory cases.",SyntheticMedQA-A,GERD,treatment
How do I know if I have acid reflux?,"GERD causes heartburn, a burning feeling in the chest after meals, regurgitation of sour liquid, difficulty swallowing, chronic cough and hoarseness.",SyntheticMedQA-A,GERD,symptoms
